,タイヤ不動在庫　店舗別確認リスト,,,,ｾﾘｱﾙ,,
store,code,maker,title,size,week,year,本数
SA久留米,1654966,DL,ｵｰﾙｼｰｽﾞﾝﾏｯｸｽAS1,165/55R15,06,23,4
SA久留米,1505713,AB,MAXXｵｰﾙｼｰｽﾞﾝAP2,175/65R14,30,19,4
SA久留米,1672019,MI,ｸﾛｽｸﾗｲﾒｲﾄ2,195/65R15,37,22,4
SA久留米,1549788,YH,ﾌﾞﾙｰｱｰｽ4S AW21,195/65R15,33,20,4
SA久留米,1672089,YH,ｱｲｽｶﾞｰﾄﾞ7 iG70,155/65R14,25,22,1
SA久留米,1672089,YH,ｱｲｽｶﾞｰﾄﾞ7 iG70,155/65R14,24,22,1
SA久留米,1672089,YH,ｱｲｽｶﾞｰﾄﾞ7 iG70,155/65R14,48,21,1
SA久留米,1672089,YH,ｱｲｽｶﾞｰﾄﾞ7 iG70,155/65R14,25,22,1
SA久留米,1303523,AB,ﾉｰｽﾄﾚｯｸN3i,175/65R15,37,21,2
SA久留米,1303523,AB,ﾉｰｽﾄﾚｯｸN3i,175/65R15,39,21,2
SA久留米,1303523,AB,ﾉｰｽﾄﾚｯｸN3i,175/65R15,42,21,3
SA久留米,1303523,AB,ﾉｰｽﾄﾚｯｸN3i,175/65R15,24,21,1
SA久留米,1303523,AB,ﾉｰｽﾄﾚｯｸN3i,175/65R15,37,21,1
SA久留米,1303523,AB,ﾉｰｽﾄﾚｯｸN3i,175/65R15,24,21,3
SA久留米,1123037,BS,ﾌﾞﾘｻﾞｯｸVRX,155/65R14,30,18,1
SA久留米,1303525,AB,ﾉｰｽﾄﾚｯｸN3i,195/65R15,31,21,2
SA久留米,1613879,YH,ﾌﾞﾙｰｱｰｽﾊﾞﾝRY55,145/80R12 80/78,08,22,6
SA久留米,1613879,YH,ﾌﾞﾙｰｱｰｽﾊﾞﾝRY55,145/80R12 80/78,02,20,1
SA久留米,1613879,YH,ﾌﾞﾙｰｱｰｽﾊﾞﾝRY55,145/80R12 80/78,07,20,1
SA久留米,1711065,YH,ｼﾞｵﾗﾝﾀﾞｰKT,145/80R12 80/78,49,23,4
SA久留米,1711065,YH,ｼﾞｵﾗﾝﾀﾞｰKT,145/80R12 80/78,49,23,5
SA久留米,1610774,YH,ﾌﾞﾙｰｱｰｽﾊﾞﾝRY55,155/80R14 88/86,22,23,2
SA久留米,1679238,AB,ﾉｰｽﾄﾚｯｸN5,145/80R13,35,23,6
SA久留米,1679238,AB,ﾉｰｽﾄﾚｯｸN5,145/80R13,43,22,1
SA久留米,1679238,AB,ﾉｰｽﾄﾚｯｸN5,145/80R13,27,23,1
SA久留米,1485510,YH,ｱｲｽｶﾞｰﾄﾞ6 iG60,155/65R14,17,21,2
SA久留米,1485510,YH,ｱｲｽｶﾞｰﾄﾞ6 iG60,155/65R14,20,21,1
SA久留米,1485510,YH,ｱｲｽｶﾞｰﾄﾞ6 iG60,155/65R14,34,23,1
SA久留米,1679244,AB,ﾉｰｽﾄﾚｯｸN5,165/65R14,33,23,1
SA久留米,1679244,AB,ﾉｰｽﾄﾚｯｸN5,165/65R14,42,23,2
SA久留米,1679244,AB,ﾉｰｽﾄﾚｯｸN5,165/65R14,34,23,2
SA久留米,1498345,YH,ｱﾄﾞﾊﾞﾝdB V552,205/60R16,24,22,4
SA久留米,1672125,YH,ｱｲｽｶﾞｰﾄﾞ7 iG70,205/60R16,36,21,4
SA久留米,1450563,NT,ﾆｯﾄｰNT555,275/35R20,50,22,2
SA久留米,1162463,YH,ﾌﾞｰﾙｰｱｰｽAE01F,195/65R15,35,21,1
SA久留米,1498362,YH,ｱﾄﾞﾊﾞﾝdB V552,225/45R17,36,20,2
SA久留米,1676538,YH,ﾌﾞﾙｰｱｰｽES32,215/60R16,48,21,1
SA久留米,1676538,YH,ﾌﾞﾙｰｱｰｽES32,215/60R16,16,22,1
SA久留米,1676538,YH,ﾌﾞﾙｰｱｰｽES32,215/60R16,17,22,2
SA久留米,1319986,FK,ｼﾝｾﾗSN832i,175/65R15,02,22,1
SA久留米,1319986,FK,ｼﾝｾﾗSN832i,175/65R15,16,23,1
SA久留米,1319986,FK,ｼﾝｾﾗSN832i,175/65R15,22,24,2
SA久留米,1686525,YH,ﾌﾞﾙｰｱｰｽRV03,195/60R16,49,23,4
SA久留米,580921,YH,ﾌﾞﾙｰｱｰｽAE01,155/80R13,22,22,4
SA久留米,1181578,YH,ﾌﾞﾙｰｱｰｽAE01,165/60R15,22,23,1
SA久留米,1163807,BS,ｴｺﾋﾟｱEX20C,145/80R13,24,16,1
SA久留米,1485482,YH,ｱｲｽｶﾞｰﾄﾞ6 iG60,205/60R16,33,22,2
SA久留米,1610790,YH,ｼﾞｵﾗﾝﾀﾞｰCV G058,175/80R16,07,20,1
SA久留米,1610790,YH,ｼﾞｵﾗﾝﾀﾞｰCV G058,175/80R16,31,22,1
SA久留米,1498354,YH,ｱﾄﾞﾊﾞﾝdB V552,195/65R15,13,21,3
SA久留米,1498354,YH,ｱﾄﾞﾊﾞﾝdB V552,195/65R15,16,21,1
SA久留米,1686531,YH,ﾌﾞﾙｰｱｰｽRV03,205/65R16,05,22,2
SA久留米,1577447,DL,ｴﾅｾｰﾌﾞRV505,205/65R16,16,19,1
SA久留米,1686535,YH,ﾌﾞﾙｰｱｰｽRV03,215/55R17,26,22,2
SA久留米,1498345,YH,ｱﾄﾞﾊﾞﾝdB V552,205/60R16,24,22,2
SA久留米,578527,YH,ﾌﾞﾙｰｱｰｽAE01,155/65R13,48,21,4
SA久留米,1497874,YH,ｱﾄﾞﾊﾞﾝﾌﾚﾊﾞ V701,165/55R15,19,21,2
SA久留米,1466748,YH,ｼﾞｵﾗﾝﾀﾞｰA/T G015,165/60R15,08,21,2
SA久留米,1676876,PL,ﾁﾝﾄｩﾗｰﾄｵｰﾙｼｰｽﾞﾝSF2,205/60R16,40,21,1
SA久留米,1303516,AB,ﾉｰｽﾄﾚｯｸN3i,175/70R14,27,20,3
SA久留米,1303516,AB,ﾉｰｽﾄﾚｯｸN3i,175/70R14,35,20,1
SA久留米,1485510,YH,ｱｲｽｶﾞｰﾄﾞ6 iG60,155/65R14,34,23,1
SA久留米,1485510,YH,ｱｲｽｶﾞｰﾄﾞ6 iG60,155/65R14,48,21,3
SA久留米,1485510,YH,ｱｲｽｶﾞｰﾄﾞ6 iG60,155/65R14,49,21,1
SA久留米,1485510,YH,ｱｲｽｶﾞｰﾄﾞ6 iG60,155/65R14,20,21,1
SA久留米,116277,YH,ﾌﾞﾙｰｱｰｽAE01F,165/70R14,22,21,2
SA久留米,116277,YH,ﾌﾞﾙｰｱｰｽAE01F,165/70R14,10,21,2
SA久留米,1319982,FK,ｼﾝｾﾗSN832i,165/55R15,41,22,1
SA久留米,1319982,FK,ｼﾝｾﾗSN832i,165/55R15,29,22,1
SA久留米,1319982,FK,ｼﾝｾﾗSN832i,165/55R15,50,20,2
SA久留米,1679241,AB,ﾉｰｽﾄﾚｯｸN5,175/70R14,30,22,3
SA久留米,1679241,AB,ﾉｰｽﾄﾚｯｸN5,175/70R14,31,22,1
SA久留米,1676528,YH,ﾌﾞﾙｰｱｰｽES32,205/60R16,43,21,3
SA久留米,1676528,YH,ﾌﾞﾙｰｱｰｽES32,205/60R16,47,22,1
SA久留米,1723680,MI,eﾌﾟﾗｲﾏｼｰ,205/60R16,08,23,4
SA久留米,1498354,YH,ｱﾄﾞﾊﾞﾝdB V552,195/65R15,16,21,2
SA久留米,1498354,YH,ｱﾄﾞﾊﾞﾝdB V552,195/65R15,13,21,1
SA久留米,1415405,DL,ｳｨﾝﾀｰﾏｯｸｽ02,205/60R16,45,22,4
SA久留米,1415423,DL,ｳｨﾝﾀｰﾏｯｸｽ02,185/65R15,37,22,3
SA久留米,1162465,YH,ﾌﾞﾙｰｱｰｽAE01F,175/65R14,25,21,1
SA久留米,1162465,YH,ﾌﾞﾙｰｱｰｽAE01F,175/65R14,16,21,1
SA久留米,167655,YH,ﾌﾞﾙｰｱｰｽAE01,185/60R16,14,22,1
SA久留米,1560611,BS,ﾚｸﾞﾉGR-X2,215/45R17,15,21,2
SA久留米,1686525,YH,ﾌﾞﾙｰｱｰｽRV03,195/60R16,21,23,2
SA久留米,1686525,YH,ﾌﾞﾙｰｱｰｽRV03,195/60R16,35,23,2
SA久留米,1723617,DL,ﾙﾏﾝV+,185/60R15,38,23,3
SA久留米,1723617,DL,ﾙﾏﾝV+,185/60R15,37,23,1
SA久留米,1506329,DL,ｴﾅｾｰﾌﾞEC204,165/55R15,37,23,1
SA久留米,1319971,FK,ｼﾝｾﾗSN832i,145/80R13,19,23,4
SA久留米,1319982,FK,ｼﾝｾﾗSN832i,165/55R15,50,20,2
SA久留米,1319975,FK,ｼﾝｾﾗSN832i,155/65R14,18,23,2
SA久留米,1379323,BS,ﾚｸﾞﾉGRﾚｼﾞｪｰﾗ,165/55R15,15,19,4
SA久留米,1379323,BS,ﾚｸﾞﾉGRﾚｼﾞｪｰﾗ,165/55R15,09,20,2
SA久留米,1686513,YH,ﾌﾞﾙｰｱｰｽRV03,155/65R14,23,22,2
SA久留米,1676487,YH,ﾌﾞﾙｰｱｰｽES32,165/65R14,24,22,1
SA久留米,590950,YH,DNAｴｺｽ,145/80R12,32,19,1
SA久留米,1466744,YH,ﾌﾞﾙｰｱｰｽRV02,155/65R14,22,21,1
SA久留米,1466744,YH,ﾌﾞﾙｰｱｰｽRV02,155/65R14,24,21,1
SA久留米,1466744,YH,ﾌﾞﾙｰｱｰｽRV02,155/65R14,26,21,1
SA久留米,1686517,YH,ﾌﾞﾙｰｱｰｽRV03,165/65R14,27,22,1
SA久留米,1686519,YH,ﾌﾞﾙｰｱｰｽRV03,175/55R15,38,22,1
SA久留米,1686516,YH,ﾌﾞﾙｰｱｰｽRV03,165/60R15,01,22,1
SA久留米,1676476,YH,ﾌﾞﾙｰｱｰｽES32,155/65R14,10,23,1
SA久留米,1676486,YH,ﾌﾞﾙｰｱｰｽES32,165/65R13,04,23,3
SA久留米,1676486,YH,ﾌﾞﾙｰｱｰｽES32,165/65R13,51,23,1
SA久留米,1319977,FK,ｼﾝｾﾗSN832i,175/65R14,25,23,4
SA久留米,1506277,DL,ｴﾅｾｰﾌﾞEC204,165/70R14,27,23,1
SA久留米,1506277,DL,ｴﾅｾｰﾌﾞEC204,165/70R14,28,23,1
SA久留米,1506277,DL,ｴﾅｾｰﾌﾞEC204,165/70R14,45,23,1
SA久留米,1506277,DL,ｴﾅｾｰﾌﾞEC204,165/70R14,01,24,1
SA久留米,1676505,YH,ﾌﾞﾙｰｱｰｽES32,185/60R16,09,22,2
SA久留米,1686525,YH,ﾌﾞﾙｰｱｰｽRV03,195/60R16,41,23,4
SA久留米,1610808,YH,ｼﾞｵﾗﾝﾀﾞｰCV G058,235/55R18,41,23,3
SA久留米,1686545,YH,ﾌﾞﾙｰｱｰｽRV03,225/55R18,37,23,4
SA久留米,1709582,AB,CSTｱﾄﾞﾚﾉAD-R9,245/40R19,01,23,1
SA久留米,1709582,AB,CSTｱﾄﾞﾚﾉAD-R9,245/40R19,02,23,2
SA久留米,1709582,AB,CSTｱﾄﾞﾚﾉAD-R9,245/40R19,24,23,1
SA久留米,1612636,DL,ﾋﾞｭｰﾛVE304,215/55R17,05,21,4
SA久留米,1498341,YH,ｱﾄﾞﾊﾞﾝdB V552,215/55R17,27,22,2
SA久留米,1498341,YH,ｱﾄﾞﾊﾞﾝdB V552,215/55R17,26,22,2
SA久留米,1506292,DL,ｴﾅｾｰﾌﾞEC204,165/65R13,50,23,4
SA久留米,1707307,AB,CSTﾒﾀﾞﾘｵﾝACP1,185/60R15,39,22,4
SA久留米,1707304,AB,CSTﾒﾀﾞﾘｵﾝACP1,175/65R15,42,22,4
SA久留米,1711065,YH,ｼﾞｵﾗﾝﾀﾞｰKT,145/80R12 80/78,49,23,4
SA久留米,1676476,YH,ﾌﾞﾙｰｱｰｽES32,155/65R14,10,23,1
SA久留米,1723619,DL,ﾙﾏﾝV+,185/65R15,50,23,1
SA久留米,1723619,DL,ﾙﾏﾝV+,185/65R15,51,23,3
SA久留米,1541401,AB,ｱｲｽｴｽﾎﾟﾙﾃ,155/65R13,48,18,2
SA久留米,1541401,AB,ｱｲｽｴｽﾎﾟﾙﾃ,155/65R13,46,18,4
SA久留米,1686513,YH,ﾌﾞﾙｰｱｰｽRV03,155/65R14,23,22,12
SA久留米,1711065,YH,ｼﾞｵﾗﾝﾀﾞｰKT,145/80R12 80/78,49,23,17
SA久留米,1711065,YH,ｼﾞｵﾗﾝﾀﾞｰKT,145/80R12 80/78,48,23,1
SA久留米,1541409,AB,ｱｲｽｴｽﾎﾟﾙﾃ,175/65R14,30,23,4
SA久留米,1541399,AB,ｱｲｽｴｽﾎﾟﾙﾃ,145/80R13,46,22,6
SA久留米,1541399,AB,ｱｲｽｴｽﾎﾟﾙﾃ,145/80R13,44,22,1
SA久留米,1541399,AB,ｱｲｽｴｽﾎﾟﾙﾃ,145/80R13,43,22,1
SA久留米,1541399,AB,ｱｲｽｴｽﾎﾟﾙﾃ,145/80R13,42,22,4
SA久留米,1541415,AB,ｱｲｽｴｽﾎﾟﾙﾃ,185/60R15,25,23,4
SA久留米,1541413,AB,ｱｲｽｴｽﾎﾟﾙﾃ,175/65R15,13,23,2
SA久留米,1541413,AB,ｱｲｽｴｽﾎﾟﾙﾃ,175/65R15,38,22,4
SA久留米,1541413,AB,ｱｲｽｴｽﾎﾟﾙﾃ,175/65R15,13,23,6
SA久留米,1683774,AB,CSTﾒﾀﾞﾘｵﾝMD-S1,235/55R18,38,24,2
SA久留米,1683773,AB,CSTﾒﾀﾞﾘｵﾝMD-S1,225/55R18,38,24,2
SA久留米,1630852,AB,CSTﾒﾀﾞﾘｵﾝMD-A1,225/50R18,22,24,1
SA久留米,1630852,AB,CSTﾒﾀﾞﾘｵﾝMD-A1,225/50R18,40,24,1
SA久留米,1750469,BS,ﾚｸﾞﾉGR-X3,195/50R19,35,24,2
SA久留米,1750469,BS,ﾚｸﾞﾉGR-X3,195/50R19,13,24,2
SA久留米,1800519,BS,ﾚｸﾞﾉGR-X3　RV,195/65R15,08,24,4
SA久留米,1750454,BS,ﾚｸﾞﾉGR-X3,195/65R15,06,24,3
SA久留米,1750454,BS,ﾚｸﾞﾉGR-X3,195/65R15,05,24,1
SA久留米,1750454,BS,ﾚｸﾞﾉGR-X3,195/65R15,08,24,1
SA久留米,1595941,DL,ｵｰﾙｼｰｽﾞﾝﾏｯｸｽAS1,175/65R15,01,24,4
SA久留米,1610774,YH,ﾌﾞﾙｰｱｰｽﾊﾞﾝRY55,155/80R14 88/86,30,24,2
SA久留米,1367685,DL,ｴﾅｾｰﾌﾞﾊﾞﾝVAN01,145/80R12 80/78,20,24,2
SA久留米,1676483,YH,ﾌﾞﾙｰｱｰｽES32,165/55R15,41,24,2
SA久留米,1676483,YH,ﾌﾞﾙｰｱｰｽES32,165/55R15,45,24,2
SA久留米,1676483,YH,ﾌﾞﾙｰｱｰｽES32,165/55R15,41,24,7
SA久留米,1676483,YH,ﾌﾞﾙｰｱｰｽES32,165/55R15,44,24,2
SA久留米,1676483,YH,ﾌﾞﾙｰｱｰｽES32,165/55R15,45,24,2
SA久留米,1676483,YH,ﾌﾞﾙｰｱｰｽES32,165/55R15,45,24,1
SA久留米,1676483,YH,ﾌﾞﾙｰｱｰｽES32,165/55R15,41,24,1
SA久留米,1162461,YH,ﾌﾞﾙｰｱｰｽAE01F,175/65R15,11,24,8
SA久留米,1162459,YH,ﾌﾞﾙｰｱｰｽAE01F,185/60R15,36,24,4
SA久留米,1162459,YH,ﾌﾞﾙｰｱｰｽAE01F,185/60R15,46,24,2
SA久留米,1686526,YH,ﾌﾞﾙｰｱｰｽRV03,195/65R15,36,24,6
SA久留米,1686526,YH,ﾌﾞﾙｰｱｰｽRV03,195/65R15,37,24,1
SA久留米,1686526,YH,ﾌﾞﾙｰｱｰｽRV03,195/65R15,19,24,4
SA久留米,1686526,YH,ﾌﾞﾙｰｱｰｽRV03,195/65R15,36,24,3
SA久留米,1686526,YH,ﾌﾞﾙｰｱｰｽRV03,195/65R15,19,24,1
SA久留米,1319986,FK,ｼﾝｾﾗSN832i,175/65R15,22,24,2
SA久留米,1319985,FK,ｼﾝｾﾗSN832i,185/60R15,10,24,4
SA久留米,1676497,YH,ﾌﾞﾙｰｱｰｽES32,175/65R15,21,24,6
SA久留米,1319988,FK,ｼﾝｾﾗSN832i,195/65R15,47,24,3
SA久留米,1319988,FK,ｼﾝｾﾗSN832i,195/65R15,45,24,1
SA久留米,1506315,DL,ｴﾅｾｰﾌﾞEC204,185/60R16,35,24,4
SA久留米,1162461,YH,ﾌﾞﾙｰｱｰｽAE01F,175/65R15,11,24,3
SA久留米,1162461,YH,ﾌﾞﾙｰｱｰｽAE01F,175/65R15,15,24,1
SA久留米,1162461,YH,ﾌﾞﾙｰｱｰｽAE01F,175/65R15,11,24,3
SA久留米,1162461,YH,ﾌﾞﾙｰｱｰｽAE01F,175/65R15,15,24,1
SA久留米,1509720,BS,ｴｺﾋﾟｱEV01,185/65R15,14,24,4
SA久留米,299019,BS,ｴｺﾋﾟｱEV01,205/55R16,23,24,4
SA久留米,1614107,BS,ｴｺﾋﾟｱEV01,215/50R17,49,24,1
SA久留米,1162461,YH,ﾌﾞﾙｰｱｰｽAE01F,175/65R15,15,24,4
SA久留米,1676497,YH,ﾌﾞﾙｰｱｰｽES32,175/65R15,14,24,8
SA久留米,1723558,BS,NEWNO,175/65R15,48,24,2
SA久留米,1723558,BS,NEWNO,175/65R15,39,24,1
SA久留米,1723558,BS,NEWNO,175/65R15,25,24,1
SA久留米,1162459,YH,ﾌﾞﾙｰｱｰｽAE01F,185/60R15,46,24,2
SA久留米,1162459,YH,ﾌﾞﾙｰｱｰｽAE01F,185/60R15,36,24,2
SA久留米,1676504,YH,ﾌﾞﾙｰｱｰｽES32,185/60R15,13,24,2
SA久留米,1319987,FK,ｼﾝｾﾗSN832i,185/65R15,11,24,4
SA久留米,1676507,YH,ﾌﾞﾙｰｱｰｽES32,185/65R15,43,24,4
SA久留米,1676518,YH,ﾌﾞﾙｰｱｰｽES32,195/65R15,45,24,4
SA久留米,1723577,BS,NEWNO,195/65R15,51,24,3
SA久留米,1723577,BS,NEWNO,195/65R15,50,24,1
SA久留米,1723627,DL,ﾙﾏﾝV+,195/65R15,11,24,4
SA久留米,1612626,DL,ﾋﾞｭｰﾛVE304,195/65R15,11,24,4
SA久留米,1750454,BS,ﾚｸﾞﾉGR-X3,195/65R15,07,24,4
SA久留米,1319995,FK,ｼﾝｾﾗSN832i,205/60R16,51,24,4
SA久留米,1750726,YH,ﾌﾞﾙｰｱｰｽRV03,205/60R16,09,24,1
SA久留米,1750726,YH,ﾌﾞﾙｰｱｰｽRV03,205/60R16,11,24,1
SA久留米,1750726,YH,ﾌﾞﾙｰｱｰｽRV03,205/60R16,10,24,1
SA久留米,1750726,YH,ﾌﾞﾙｰｱｰｽRV03,205/60R16,18,24,1
SA久留米,1609770,BS,ﾌﾟﾚｲｽﾞPX-RV2,195/60R16,21,24,3
SA久留米,1609770,BS,ﾌﾟﾚｲｽﾞPX-RV2,195/60R16,19,24,1
SA久留米,1723606,DL,ﾙﾏﾝV+,165/60R15,39,24,4
SA久留米,1181578,YH,ﾌﾞﾙｰｱｰｽAE01,165/60R15,21,24,4
SA久留米,1686514,YH,ﾌﾞﾙｰｱｰｽRV03,165/55R15,49,24,1
SA久留米,1577451,DL,ｴﾅｾｰﾌﾞRV505,165/55R15,11,24,4
SA久留米,1676483,YH,ﾌﾞﾙｰｱｰｽES32,165/55R15,50,24,1
SA久留米,1676483,YH,ﾌﾞﾙｰｱｰｽES32,165/55R15,45,24,3
SA久留米,1577473,DL,ｴﾅｾｰﾌﾞRV505,155/65R14,18,24,3
SA久留米,1577473,DL,ｴﾅｾｰﾌﾞRV505,155/65R14,14,24,1
SA久留米,578531,YH,ﾌﾞﾙｰｱｰｽAE01,155/65R14,37,24,4
SA久留米,1319975,FK,ｼﾝｾﾗSN832i,155/65R14,01,24,4
SA久留米,1319966,FK,ｼﾝｾﾗSN832i,155/65R13,11,24,4
SA久留米,1676518,YH,ﾌﾞﾙｰｱｰｽES32,195/65R15,03,24,2
SA久留米,1676518,YH,ﾌﾞﾙｰｱｰｽES32,195/65R15,16,24,2
SA久留米,1676518,YH,ﾌﾞﾙｰｱｰｽES32,195/65R15,42,24,1
SA久留米,1162459,YH,ﾌﾞﾙｰｱｰｽAE01F,185/60R15,36,24,4
SA久留米,1162459,YH,ﾌﾞﾙｰｱｰｽAE01F,185/60R15,36,24,4
SA久留米,1676497,YH,ﾌﾞﾙｰｱｰｽES32,175/65R15,14,24,3
SA久留米,1676497,YH,ﾌﾞﾙｰｱｰｽES32,175/65R15,21,24,1
SA久留米,1676497,YH,ﾌﾞﾙｰｱｰｽES32,175/65R15,21,24,4
SA久留米,1676497,YH,ﾌﾞﾙｰｱｰｽES32,175/65R15,14,24,3
SA久留米,1676497,YH,ﾌﾞﾙｰｱｰｽES32,175/65R15,21,24,4
SA久留米,578531,YH,ﾌﾞﾙｰｱｰｽAE01,155/65R14,37,24,5
SA久留米,578531,YH,ﾌﾞﾙｰｱｰｽAE01,155/65R14,37,24,8
SA久留米,578531,YH,ﾌﾞﾙｰｱｰｽAE01,155/65R14,37,24,8
SA久留米,1383856,YH,ﾌﾞﾙｰｱｰｽAE01,165/65R15,02,24,6
SA久留米,1383856,YH,ﾌﾞﾙｰｱｰｽAE01,165/65R15,01,24,2
SA久留米,1750726,YH,ﾌﾞﾙｰｱｰｽRV03,205/60R16,18,24,1
SA久留米,1676497,YH,ﾌﾞﾙｰｱｰｽES32,175/65R15,22,24,1
SA久留米,1676497,YH,ﾌﾞﾙｰｱｰｽES32,175/65R15,21,24,3
SA久留米,1751168,YH,ｱﾄﾞﾊﾞﾝdB V553,165/55R15,18,24,4
SA久留米,1723599,DL,ﾙﾏﾝV+,155/65R14,37,24,4
SA久留米,1686526,YH,ﾌﾞﾙｰｱｰｽRV03,195/65R15,19,24,3
SA久留米,1686526,YH,ﾌﾞﾙｰｱｰｽRV03,195/65R15,36,24,1
SA久留米,1686539,YH,ﾌﾞﾙｰｱｰｽRV03,215/65R16,16,24,1
SA久留米,1686539,YH,ﾌﾞﾙｰｱｰｽRV03,215/65R16,43,24,3
SA久留米,1609771,BS,ﾌﾟﾚｲｽﾞPX-RV2,195/65R15,33,24,2
SA久留米,1609771,BS,ﾌﾟﾚｲｽﾞPX-RV2,195/65R15,36,24,2
SA久留米,1609771,BS,ﾌﾟﾚｲｽﾞPX-RV2,195/65R15,33,24,2
SA久留米,1609771,BS,ﾌﾟﾚｲｽﾞPX-RV2,195/65R15,17,24,3
SA久留米,1609770,BS,ﾌﾟﾚｲｽﾞPX-RV2,195/60R16,20,24,2
SA久留米,1609770,BS,ﾌﾟﾚｲｽﾞPX-RV2,195/60R16,36,24,4
SA久留米,1609770,BS,ﾌﾟﾚｲｽﾞPX-RV2,195/60R16,47,24,4
SA久留米,1506329,DL,ｴﾅｾｰﾌﾞEC204,165/55R15,05,24,3
SA久留米,1577473,DL,ｴﾅｾｰﾌﾞRV505,155/65R14,09,24,4
SA久留米,1577473,DL,ｴﾅｾｰﾌﾞRV505,155/65R14,40,24,2
SA久留米,1506304,DL,ｴﾅｾｰﾌﾞEC204,145/80R13,22,24,2
SA久留米,1676483,YH,ﾌﾞﾙｰｱｰｽES32,165/55R15,45,24,2
SA久留米,1676483,YH,ﾌﾞﾙｰｱｰｽES32,165/55R15,41,24,2
SA久留米,1686513,YH,ﾌﾞﾙｰｱｰｽRV03,155/65R14,09,24,6
SA久留米,1506276,DL,ｴﾅｾｰﾌﾞEC204,165/60R15,17,24,1
SA久留米,1181578,YH,ﾌﾞﾙｰｱｰｽAE01,165/60R15,21,24,4
SA久留米,524272,BS,ｽﾆｰｶｰ,145/80R12,16,24,3
SA久留米,1383856,YH,ﾌﾞﾙｰｱｰｽAE01,165/65R15,02,24,3
SA久留米,1383856,YH,ﾌﾞﾙｰｱｰｽAE01,165/65R15,02,24,3
SA久留米,1603814,AB,ﾏｰｷｽMR61,165/70R14,41,24,1
SA久留米,1603814,AB,ﾏｰｷｽMR61,165/70R14,36,24,3
SA久留米,1506277,DL,ｴﾅｾｰﾌﾞEC204,165/70R14,01,24,1
SA久留米,1506313,DL,ｴﾅｾｰﾌﾞEC204,175/60R16,36,24,2
SA久留米,1506313,DL,ｴﾅｾｰﾌﾞEC204,175/60R16,01,24,2
SA久留米,1676495,YH,ﾌﾞﾙｰｱｰｽES32,175/60R16,34,24,1
SA久留米,1162452,YH,ﾌﾞﾙｰｱｰｽAE01F,185/55R16,04,24,1
SA久留米,1162452,YH,ﾌﾞﾙｰｱｰｽAE01F,185/55R16,05,24,3
SA久留米,1676538,YH,ﾌﾞﾙｰｱｰｽES32,215/60R16,43,24,2
SA久留米,1612644,DL,ﾋﾞｭｰﾛVE304,225/45R18,14,24,3
SA久留米,1612644,DL,ﾋﾞｭｰﾛVE304,225/45R18,17,24,1
SA久留米,1750726,YH,ﾌﾞﾙｰｱｰｽRV03,205/60R16,05,24,4
SA久留米,1609775,BS,ﾌﾟﾚｲｽﾞPX-RV2,205/60R16,50,24,2
SA久留米,1609775,BS,ﾌﾟﾚｲｽﾞPX-RV2,205/60R16,41,24,2
SA久留米,1686536,YH,ﾌﾞﾙｰｱｰｽRV03,215/60R16,28,24,2
SA久留米,1686536,YH,ﾌﾞﾙｰｱｰｽRV03,215/60R16,29,24,1
SA久留米,1686535,YH,ﾌﾞﾙｰｱｰｽRV03,215/55R17,24,24,2
SA久留米,1610757,YH,ﾌﾞﾙｰｱｰｽXT,225/55R17,22,24,3
SA久留米,1610757,YH,ﾌﾞﾙｰｱｰｽXT,225/55R17,23,24,1
SA久留米,1610790,YH,ｼﾞｵﾗﾝﾀﾞｰCV G058,175/80R16,17,24,1
SA久留米,1610799,YH,ｼﾞｵﾗﾝﾀﾞｰCV G058,225/55R17,29,24,1
SA久留米,1701683,TY,ｵｰﾌﾟﾝｶﾝﾄﾘｰA/T,215/70R16,27,24,4
SA久留米,1313336,BS,ﾃﾞｭｰﾗｰH/L850,225/55R18,49,24,4
SA久留米,1609792,BS,ﾌﾟﾚｲｽﾞPX-RV2,235/50R18,50,24,3
SA久留米,1506302,DL,ｴﾅｾｰﾌﾞEC204,185/55R16,08,24,2
SA久留米,1506302,DL,ｴﾅｾｰﾌﾞEC204,185/55R16,09,24,1
SA久留米,1506330,DL,ｴﾅｾｰﾌﾞEC204,175/55R15,10,24,4
SA久留米,1676490,YH,ﾌﾞﾙｰｱｰｽES32,165/70R14,27,24,3
SA久留米,1676518,YH,ﾌﾞﾙｰｱｰｽES32,195/65R15,42,24,11
SA久留米,1676518,YH,ﾌﾞﾙｰｱｰｽES32,195/65R15,03,24,12
SA久留米,1676497,YH,ﾌﾞﾙｰｱｰｽES32,175/65R15,14,24,4
SA久留米,1676504,YH,ﾌﾞﾙｰｱｰｽES32,185/60R15,13,24,4
SA久留米,1676504,YH,ﾌﾞﾙｰｱｰｽES32,185/60R15,44,24,8
SA久留米,1750726,YH,ﾌﾞﾙｰｱｰｽRV03,205/60R16,18,24,3
SA久留米,1750726,YH,ﾌﾞﾙｰｱｰｽRV03,205/60R16,19,24,1
SA久留米,1162469,YH,ﾌﾞﾙｰｱｰｽAE01F,175/70R14,11,24,9
SA久留米,1686547,YH,ﾌﾞﾙｰｱｰｽRV03,235/50R18,20,24,1
SA久留米,1686547,YH,ﾌﾞﾙｰｱｰｽRV03,235/50R18,06,24,1
SA久留米,1686547,YH,ﾌﾞﾙｰｱｰｽRV03,235/50R18,04,24,4
SA久留米,1162462,YH,ﾌﾞﾙｰｱｰｽAE01F,185/65R15,30,24,4
SA久留米,1162459,YH,ﾌﾞﾙｰｱｰｽAE01F,185/60R15,36,24,2
SA久留米,1162459,YH,ﾌﾞﾙｰｱｰｽAE01F,185/60R15,46,24,2
SA久留米,1162461,YH,ﾌﾞﾙｰｱｰｽAE01F,175/65R15,11,24,6
SA久留米,1162461,YH,ﾌﾞﾙｰｱｰｽAE01F,175/65R15,15,24,2
SA久留米,1723617,DL,ﾙﾏﾝV+,185/60R15,08,24,2
SA久留米,1723617,DL,ﾙﾏﾝV+,185/60R15,09,24,2
SA久留米,1723613,DL,ﾙﾏﾝV+,175/65R15,10,24,4
SA久留米,1577463,DL,ｴﾅｾｰﾌﾞRV505,195/65R15,26,24,4
SA久留米,1723627,DL,ﾙﾏﾝV+,195/65R15,15,24,3
SA久留米,1723627,DL,ﾙﾏﾝV+,195/65R15,14,24,1
SA久留米,1723599,DL,ﾙﾏﾝV+,155/65R14,10,24,4
SA久留米,1723599,DL,ﾙﾏﾝV+,155/65R14,29,24,4
SA久留米,1383856,YH,ﾌﾞﾙｰｱｰｽAE01,165/65R15,01,24,2
SA久留米,1383856,YH,ﾌﾞﾙｰｱｰｽAE01,165/65R15,02,24,3
SA久留米,1676483,YH,ﾌﾞﾙｰｱｰｽES32,165/55R15,45,24,4
SA久留米,1676483,YH,ﾌﾞﾙｰｱｰｽES32,165/55R15,41,24,3
SA久留米,1723558,BS,NEWNO,175/65R15,49,24,4
SA久留米,1686513,YH,ﾌﾞﾙｰｱｰｽRV03,155/65R14,09,24,24
SA久留米,1686513,YH,ﾌﾞﾙｰｱｰｽRV03,155/65R14,08,24,33
SA久留米,1686513,YH,ﾌﾞﾙｰｱｰｽRV03,155/65R14,07,24,27
SA久留米,1686513,YH,ﾌﾞﾙｰｱｰｽRV03,155/65R14,36,24,36
SA久留米,1686513,YH,ﾌﾞﾙｰｱｰｽRV03,155/65R14,35,24,27
SA久留米,1676476,YH,ﾌﾞﾙｰｱｰｽES32,155/65R14,42,24,11
SA久留米,1676476,YH,ﾌﾞﾙｰｱｰｽES32,155/65R14,41,24,1
SA久留米,1610774,YH,ﾌﾞﾙｰｱｰｽﾊﾞﾝRY55,155/80R14 88/86,35,24,8
SA久留米,1711065,YH,ｼﾞｵﾗﾝﾀﾞｰKT,145/80R12 80/78,11,24,38
SA久留米,1541399,AB,ｱｲｽｴｽﾎﾟﾙﾃ,145/80R13,35,24,1
SA久留米,1541417,AB,ｱｲｽｴｽﾎﾟﾙﾃ,195/65R15,41,24,8
大川,1603823,AB,ﾏｰｷｽMR61,195/65R15,19,21,4
大川,1676476,YH,ES32,155/65R14,23,23,1
大川,1709585,AB,CST　CL31,195/80R15 107/105,19,23,4
大川,1367685,DL,ｴﾅｾｰﾌﾞﾊﾞﾝVAN01,145/80R12 80/78,31,22,2
大川,1367685,DL,ｴﾅｾｰﾌﾞﾊﾞﾝVAN01,145/80R12 80/78,30,22,1
大川,1367685,DL,ｴﾅｾｰﾌﾞﾊﾞﾝVAN01,145/80R12 80/78,49,23,1
大川,1610786,YH,RY55,195/80R15 107/105,38,23,1
大川,1610786,YH,RY55,195/80R15 107/105,39,23,1
大川,629015,DL,ｴﾅｾｰﾌﾞﾊﾞﾝVAN01,165R14-8PR,19,23,1
大川,1676475,YH,ES32,155/65R13,48,22,1
大川,1676475,YH,ES32,155/65R13,03,22,2
大川,1676475,YH,ES32,155/65R13,01,22,1
大川,1506289,DL,EC204,155/65R13,22,22,4
大川,578527,YH,AE01,155/65R13,01,20,3
大川,1686633,BS,NH200C,155/65R13,19,22,4
大川,1506304,DL,EC204,145/80R13,52,23,2
大川,1676473,YH,ES32,145/80R13,05,22,1
大川,1676473,YH,ES32,145/80R13,06,22,3
大川,1676473,YH,ES32,145/80R13,46,22,4
大川,578531,YH,AE01,155/65R14,42,22,4
大川,1506326,DL,EC204,155/65R14,49,23,2
大川,1723599,DL,ﾙﾏﾝV+,155/65R14,40,23,4
大川,1686513,YH,RV03,155/65R14,44,22,2
大川,1686513,YH,RV03,155/65R14,05,22,1
大川,1686513,YH,RV03,155/65R14,36,23,1
大川,1665264,YH,ｼﾞｵﾗﾝﾀﾞｰA/T,155/65R14,05,23,4
大川,1686513,YH,RV03,155/65R14,42,23,3
大川,1686513,YH,RV03,155/65R14,36,23,1
大川,1577473,DL,RV505,155/65R14,45,23,1
大川,1577473,DL,RV505,155/65R14,49,23,2
大川,1676483,YH,ES32,165/55R15,20,23,1
大川,1676483,YH,ES32,165/55R15,21,23,2
大川,1676483,YH,ES32,165/55R15,27,23,1
大川,1686514,YH,RV03,165/55R15,37,23,4
大川,1577451,DL,RV505,165/55R15,27,22,3
大川,1577451,DL,RV505,165/55R15,16,23,1
大川,1705131,GY,ﾍﾞｸﾀｰ4ｼｰｽﾞﾝ,185/65R15,25,22,3
大川,1705131,GY,ﾍﾞｸﾀｰ4ｼｰｽﾞﾝ,185/65R15,35,22,1
大川,1707303,AB,ﾒﾀﾞﾘｵﾝACP1,155/65R14,50,22,4
大川,1707305,AB,ﾒﾀﾞﾘｵﾝACP1,185/65R15,43,22,4
大川,1707306,AB,ﾒﾀﾞﾘｵﾝACP1,195/65R15,41,22,1
大川,1707306,AB,ﾒﾀﾞﾘｵﾝACP1,195/65R15,02,23,2
大川,1707306,AB,ﾒﾀﾞﾘｵﾝACP1,195/65R15,09,23,1
大川,1686513,YH,RV03,155/65R14,05,22,1
大川,1686513,YH,RV03,155/65R14,44,22,3
大川,1686513,YH,RV03,155/65R14,36,23,2
大川,1506297,DL,EC204,175/65R15,39,22,2
大川,1506297,DL,EC204,175/65R15,38,22,2
大川,1676504,YH,ES32,185/60R15,43,23,4
大川,1506300,DL,EC204,185/65R15,13,22,2
大川,1506300,DL,EC204,185/65R15,09,22,1
大川,1506300,DL,EC204,185/65R15,34,22,1
大川,1506303,DL,EC204,195/65R15,10,22,1
大川,1506303,DL,EC204,195/65R15,11,22,2
大川,1319988,FK,ｼﾝｾﾗSN832i,195/65R15,20,23,4
大川,1162463,YH,AE01F,195/65R15,08,23,1
大川,1162463,YH,AE01F,195/65R15,13,23,1
大川,1162463,YH,AE01F,195/65R15,36,23,2
大川,1686526,YH,RV03,195/65R15,24,23,4
大川,1577443,DL,RV505,205/60R16,26,23,4
大川,1686529,YH,RV03,205/60R16,37,23,4
大川,399995,BS,ﾈｸｽﾄﾘｰ,155/65R13,16,22,1
大川,1676483,YH,ES32,165/55R15,24,22,3
大川,1676483,YH,ES32,165/55R15,49,22,1
大川,1319982,FK,ｼﾝｾﾗSN832i,165/55R15,22,23,3
大川,1319982,FK,ｼﾝｾﾗSN832i,165/55R15,23,23,1
大川,1686527,YH,RV03,205/55R16,11,23,3
大川,1686527,YH,RV03,205/55R16,08,23,1
大川,1577462,DL,RV505,235/50R18,12,23,1
大川,1686525,YH,RV03,195/60R16,07,23,1
大川,1506297,DL,EC204,175/65R15,12,22,2
大川,1506297,DL,EC204,175/65R15,08,22,2
大川,1577443,DL,RV505,205/60R16,51,21,2
大川,1691310,DL,SPｽﾎﾟｰﾂﾏｯｸｽ,205/55R16,45,23,4
大川,1723426,DL,ｸﾞﾗﾝﾄﾚｯｸPT5,225/55R19,18,23,1
大川,1612626,DL,ﾋﾞｭｰﾛVE304,195/65R15,27,22,4
大川,1643484,TY,ﾌﾟﾛｸｾｽCL1　SUV,225/65R17,30,23,4
大川,1610756,YH,ﾌﾞﾙｰｱｰｽXT AE61,225/50R18,05,22,2
大川,1609784,BS,PX-RV2,215/60R17,30,23,1
大川,1609784,BS,PX-RV2,215/60R17,22,23,1
大川,1686543,YH,RV03,225/50R18,44,23,1
大川,1686543,YH,RV03,225/50R18,43,23,2
大川,1686535,YH,RV03,215/55R17,51,23,1
大川,1686535,YH,RV03,215/55R17,41,23,1
大川,1686535,YH,RV03,215/55R17,48,23,2
大川,1686528,YH,RV03,205/55R17,49,22,4
大川,1686527,YH,RV03,205/55R16,11,23,2
大川,1686527,YH,RV03,205/55R16,08,23,2
大川,1686525,YH,RV03,195/60R16,21,23,4
大川,1686536,YH,RV03,215/60R16,30,23,4
大川,1577445,DL,RV505,215/60R16,30,23,4
大川,1676538,YH,ES32,215/60R16,50,23,1
大川,1414382,YH,ﾌﾚﾊﾞV701,215/45R17,49,23,4
大川,1676535,YH,ES32,215/50R17,47,23,1
大川,1676535,YH,ES32,215/50R17,51,23,2
大川,1676526,YH,ES32,205/55R16,50,23,2
大川,1612629,DL,ﾋﾞｭｰﾛVE304,205/55R16,01,22,2
大川,1612629,DL,ﾋﾞｭｰﾛVE304,205/55R16,02,22,2
大川,1414388,YH,ﾌﾚﾊﾞV701,195/50R16,03,23,4
大川,1676509,YH,ES32,185/70R14,08,23,3
大川,1676490,YH,ES32,165/70R14,50,23,3
大川,1676490,YH,ES32,165/70R14,49,23,1
大川,1676485,YH,ES32,165/60R15,19,23,3
大川,1676485,YH,ES32,165/60R15,20,23,1
大川,1686516,YH,RV03,165/60R15,06,22,4
大川,1676488,YH,ES32,165/65R15,49,23,3
大川,1506328,DL,EC204,165/65R14,46,22,1
大川,1686517,YH,RV03,165/65R14,33,23,1
大川,1687613,YH,ｼﾞｵﾗﾝﾀﾞｰX-AT,165/65R14 81/78,23,23,4
大川,1676487,YH,ES32,165/65R14,43,21,1
大川,1560634,BS,ﾚｸﾞﾉGR-X2,175/65R15,13,23,4
大川,207311,BS,RD-604,145R12-6PR,51,21,1
大川,1707304,AB,ﾒﾀﾞﾘｵﾝACP1,175/65R15,36,22,4
大川,1686535,YH,RV03,215/55R17,51,23,1
大川,1610786,YH,RY55,195/80R15 107/105,39,23,1
大川,1610786,YH,RY55,195/80R15 107/105,38,23,1
大川,1716872,YH,RY61,195/80R15 107/105,37,23,4
大川,1686513,YH,RV03,155/65R14,36,23,3
大川,1676490,YH,ES32,165/70R14,50,23,4
大川,578531,YH,AE01,155/65R14,37,23,2
大川,1686513,YH,RV03,155/65R14,36,23,4
大川,1162463,YH,AE01F,195/65R15,18,21,1
大川,1485501,YH,iG60,185/65R15,44,22,4
大川,1316754,YH,iG90,195/80R15 107/105,46,23,4
大川,1652346,BS,ｱﾚﾝｻﾞLX100,235/55R18,22,22,2
大川,1560622,BS,ﾚｸﾞﾉGR-X2,225/45R18,48,23,2
大川,1162470,YH,AE01F,185/70R14,30,22,4
大川,1686528,YH,RV03,205/55R16,11,23,2
大川,1686528,YH,RV03,205/55R17,50,22,3
大川,1686528,YH,RV03,205/55R17,49,22,1
大川,1577451,DL,RV505,165/55R15,16,23,3
大川,1686536,YH,RV03,215/60R16,49,21,2
大川,1724501,BS,ｱﾚﾝｻﾞLX100,215/55R18,22,23,3
大川,1654936,DL,ｵｰﾙｼｰｽﾞﾝﾏｯｸｽVA1,145/80R12 80/78,51,23,4
大川,1686514,YH,RV03,165/55R15,37,23,1
大川,1676504,YH,ES32,185/60R15,47,22,2
大川,1676504,YH,ES32,185/60R15,48,22,2
大川,1686539,YH,RV03,215/65R16,19,22,2
大川,1686539,YH,RV03,215/65R16,42,23,1
大川,1676473,YH,ES32,145/80R13,46,22,2
大川,1676538,YH,ES32,215/60R16,50,23,1
大川,1686547,YH,RV03,235/50R18,35,23,1
大川,1686547,YH,RV03,235/50R18,38,23,1
大川,1686526,YH,RV03,195/65R15,24,23,2
大川,1577441,DL,RV505,195/60R16,30,23,1
大川,1577463,DL,RV505,195/65R15,52,23,2
大川,1319985,FK,ｼﾝｾﾗSN832i,185/60R15,17,23,4
大川,1667159,MI,Eﾌﾟﾗｲﾏｼｰ,185/60R15,48,23,2
大川,1319987,FK,ｼﾝｾﾗSN832i,185/65R15,20,23,2
大川,1319987,FK,ｼﾝｾﾗSN832i,185/65R15,21,23,2
大川,1686514,YH,RV03,165/55R15,40,23,4
大川,1686514,YH,RV03,165/55R15,37,23,2
大川,1676475,YH,ES32,155/65R13,48,22,1
大川,1415405,DL,ｳｨﾝﾀｰﾏｯｸｽ02,205/60R16,45,22,4
大川,1541415,AB,ｱｲｽｴｽﾎﾟﾙﾃ,185/60R15,38,23,4
大川,1560591,YH,ﾌﾞﾙｰｱｰｽGT,175/65R15,28,21,4
大川,1319977,FK,ｼﾝｾﾗSN832i,175/65R14,04,22,3
大川,1319977,FK,ｼﾝｾﾗSN832i,175/65R14,01,22,1
大川,1676483,YH,ES32,165/55R15,49,22,1
大川,1577463,DL,RV505,195/65R15,45,19,2
大川,1577480,DL,RV505,215/55R17,24,19,1
大川,1485510,YH,ｱｲｽｶﾞｰﾄﾞiG60,155/65R14,35,23,2
大川,1485510,YH,ｱｲｽｶﾞｰﾄﾞiG60,155/65R14,39,23,2
大川,1485502,YH,ｱｲｽｶﾞｰﾄﾞiG60,195/65R15,40,23,4
大川,1485500,YH,ｱｲｽｶﾞｰﾄﾞiG60,175/65R15,40,23,4
大川,1485500,YH,ｱｲｽｶﾞｰﾄﾞiG60,175/65R15,39,22,5
大川,1485500,YH,ｱｲｽｶﾞｰﾄﾞiG60,175/65R15,31,22,3
大川,1415424,DL,ｳｨﾝﾀｰﾏｯｸｽ02,195/65R15,34,22,4
大川,1679250,AB,ﾉｰｽﾄﾚｯｸN5,205/60R16,38,23,1
大川,1485501,YH,ｱｲｽｶﾞｰﾄﾞiG60,185/65R15,45,22,2
大川,1485501,YH,ｱｲｽｶﾞｰﾄﾞiG60,185/65R15,44,22,2
大川,1415405,DL,ｳｨﾝﾀｰﾏｯｸｽ02,205/60R16,45,22,4
大川,1577443,DL,RV505,205/60R16,13,22,2
大川,1415422,DL,ｳｨﾝﾀｰﾏｯｸｽ02,175/65R15,44,22,8
大川,1577463,DL,RV505,195/65R15,14,22,4
大川,1506300,DL,EC204,185/65R15,34,22,3
大川,1506297,DL,EC204,175/65R15,38,22,3
大川,1506297,DL,EC204,175/65R15,39,22,1
大川,1440969,DL,ﾙﾏﾝV,165/55R15,30,22,4
大川,1676497,YH,ES32,175/65R15,46,23,12
大川,1686514,YH,RV03,165/55R15,37,23,10
大川,1686513,YH,RV03,155/65R14,36,23,4
大川,1676475,YH,ES32,155/65R13,48,22,24
大川,1676504,YH,ES32,185/60R15,43,23,7
大川,578531,YH,AE01,155/65R14,25,22,7
大川,1676473,YH,ES32,145/80R13,46,22,9
大川,1676483,YH,ES32,165/55R15,27,23,3
大川,1676483,YH,ES32,165/55R15,07,23,1
大川,1676483,YH,ES32,165/55R15,05,23,1
大川,1676483,YH,ES32,165/55R15,20,23,1
大川,1676483,YH,ES32,165/55R15,21,23,5
大川,1162463,YH,AE01F,195/65R15,12,22,2
大川,1560591,YH,GT,175/65R15,35,22,4
大川,1686528,YH,RV03,205/55R17,22,22,4
大川,1686527,YH,RV03,205/55R16,22,23,15
大川,1686526,YH,RV03,195/65R15,24,23,16
大川,1686517,YH,RV03,165/65R14,33,23,3
大川,1686525,YH,RV03,195/60R16,21,23,18
大川,1686529,YH,RV03,205/60R16,37,23,3
大川,1506326,DL,EC204,155/65R14,49,23,6
大川,1676476,YH,ES32,155/65R14,11,24,19
大川,1676476,YH,ES32,155/65R14,10,24,3
大川,1613880,YH,RY55,145/80R12 86/84,20,24,2
大川,1642921,AB,ｴﾌｨｼｱ,155/65R13,45,24,1
大川,1642921,AB,ｴﾌｨｼｱ,155/65R13,44,24,3
大川,1506304,DL,EC204,145/80R13,22,24,2
大川,1676476,YH,ES32,155/65R14,34,24,4
大川,1560546,YH,GT,155/65R14,23,24,4
大川,1577473,DL,RV505,155/65R14,18,24,1
大川,1676482,YH,ES32,165/55R14,36,24,2
大川,1676482,YH,ES32,165/55R14,35,24,1
大川,1506329,DL,EC204,165/55R15,10,24,2
大川,1709584,AB,ﾒﾀﾞﾘｵﾝMD-S1,245/40R20,23,24,1
大川,1709584,AB,ﾒﾀﾞﾘｵﾝMD-S1,245/40R20,24,24,1
大川,1683773,AB,ﾒﾀﾞﾘｵﾝMD-S1,225/55R18,24,24,2
大川,1683773,AB,ﾒﾀﾞﾘｵﾝMD-S1,225/55R18,38,24,2
大川,1686513,YH,RV03,155/65R14,09,24,3
大川,1506268,DL,EC204,175/65R14,14,24,4
大川,1676507,YH,ES32,185/65R15,34,24,3
大川,1676507,YH,ES32,185/65R15,10,24,1
大川,1723617,DL,ﾙﾏﾝV+,185/60R15,10,24,3
大川,1723617,DL,ﾙﾏﾝV+,185/60R15,34,24,1
大川,1506282,DL,EC204,185/60R15,10,24,4
大川,1676518,YH,ES32,195/65R15,03,24,4
大川,1603825,AB,ﾏｰｷｽMR61,185/60R15,01,24,1
大川,1603825,AB,ﾏｰｷｽMR61,185/60R15,38,24,2
大川,1560546,YH,GT,155/65R14,45,24,4
大川,1506269,DL,EC204,225/45R18,19,24,2
大川,1506290,DL,EC204,225/55R17,24,24,3
大川,1751168,YH,dB,165/55R15,15,24,3
大川,1751168,YH,dB,165/55R15,17,24,1
大川,1506284,DL,EC204,215/50R17,15,24,3
大川,1676495,YH,ES32,175/60R16,10,24,1
大川,1723433,DL,ｸﾞﾗﾝﾄﾚｯｸPT5,235/55R18,13,24,2
大川,1319995,FK,ｼﾝｾﾗSN832i,205/60R16,15,24,4
大川,1506268,DL,EC204,175/65R14,14,24,1
大川,1751176,YH,dB,195/65R15,09,24,2
大川,1751147,YH,dB,215/50R17,06,24,4
大川,1750474,BS,GR-X3,215/55R17,48,24,3
大川,1750480,BS,GR-X3,225/55R17,26,24,4
大川,1750494,BS,GR-X3,225/45R18,35,24,2
大川,1750494,BS,GR-X3,225/45R18,39,24,1
大川,1750494,BS,GR-X3,225/45R18,48,24,1
大川,1723426,DL,ｸﾞﾗﾝﾄﾚｯｸPT5,225/55R19,16,24,1
大川,1610801,YH,ｼﾞｵﾗﾝﾀﾞｰCV,225/55R19,44,24,4
大川,1728217,YH,XT,225/65R17,02,24,4
大川,1676534,YH,ES32,215/45R18,36,24,3
大川,1686547,YH,RV03,235/50R18,34,24,2
大川,1686547,YH,RV03,235/50R18,33,24,2
大川,1609790,BS,PX-RV2,225/55R18,03,24,3
大川,1610758,YH,XT,225/55R18,20,24,2
大川,1610758,YH,XT,225/55R18,48,24,1
大川,1610758,YH,XT,225/55R18,22,24,1
大川,1610756,YH,XT,225/50R18,27,24,1
大川,1609784,BS,PX-RV2,215/60R17,23,24,1
大川,1686534,YH,RV03,215/50R17,30,24,4
大川,1686546,YH,RV03,225/60R17,47,24,1
大川,1676538,YH,ES32,215/60R16,35,24,3
大川,1506269,DL,EC204,225/45R18,20,24,2
大川,1506269,DL,EC204,225/45R18,19,24,2
大川,1676535,YH,ES32,215/50R17,48,24,1
大川,1506278,DL,EC204,215/45R17,10,24,4
大川,1751160,YH,dB,205/55R16,14,24,4
大川,1676505,YH,ES32,185/60R16,37,24,2
大川,1676505,YH,ES32,185/60R16,34,24,1
大川,1676513,YH,ES32,195/55R16,18,24,4
大川,1676509,YH,ES32,185/70R14,36,24,1
大川,1560585,YH,GT,185/55R15,41,24,4
大川,1676495,YH,ES32,175/60R16,10,24,1
大川,1676488,YH,ES32,165/65R15,13,24,1
大川,1686614,BS,NH200,185/70R14,26,24,1
大川,1676487,YH,ES32,165/65R14,40,24,1
大川,1686614,BS,NH200,185/70R14,26,24,1
大川,1506304,DL,EC204,145/80R13,22,24,1
大川,1603812,AB,ﾏｰｷｽMR61,145/80R13,41,24,1
大川,1676507,YH,ES32,185/65R15,10,24,1
大川,1560546,YH,GT,155/65R14,23,24,4
大川,1676478,YH,ES32,155/70R13,09,24,2
大川,1686514,YH,RV03,165/55R15,38,24,2
大川,1686514,YH,RV03,165/55R15,36,24,2
大川,578531,YH,AE01,155/65R14,04,24,2
大川,1723599,DL,ﾙﾏﾝV+,155/65R14,09,24,2
大川,1723599,DL,ﾙﾏﾝV+,155/65R14,10,24,1
大川,1728217,YH,XT,225/65R17,02,24,2
大川,1724501,BS,LX100,215/55R18,15,24,1
大川,1672019,MI,ｸﾛｽｸﾗｲﾒｲﾄ2,195/65R15,15,24,4
大川,1686514,YH,RV03,165/55R15,24,24,2
大川,1750456,BS,GR-X3,205/55R16,01,24,4
大川,1750454,BS,GR-X3,195/65R15,13,24,1
大川,1750454,BS,GR-X3,195/65R15,14,24,3
大川,1610756,YH,XT,225/50R18,27,24,3
大川,1541417,AB,ｱｲｽｴｽﾎﾟﾙﾃ,195/65R15,41,24,4
大川,1541413,AB,ｱｲｽｴｽﾎﾟﾙﾃ,175/65R15,29,24,4
大川,1743880,MI,Eﾌﾟﾗｲﾏｼｰ,155/65R14,01,24,4
大川,1686514,YH,RV03,165/55R15,24,24,2
大川,1676507,YH,ES32,185/65R15,34,24,3
大川,1603821,AB,ﾏｰｷｽMR61,175/65R15,41,24,1
大川,1686539,YH,RV03,215/65R16,43,24,8
大川,1679246,AB,ﾉｰｽﾄﾚｯｸN5,175/65R15,26,24,4
大川,1679246,AB,ﾉｰｽﾄﾚｯｸN5,175/65R15,23,24,4
大川,1679244,AB,ﾉｰｽﾄﾚｯｸN5,165/65R14,22,24,1
大川,1679244,AB,ﾉｰｽﾄﾚｯｸN5,165/65R14,23,24,1
大川,1541399,AB,ｱｲｽｴｽﾎﾟﾙﾃ,145/80R13,40,24,4
大川,1679249,AB,ﾉｰｽﾄﾚｯｸN5,185/60R15,48,24,4
大川,1679250,AB,ﾉｰｽﾄﾚｯｸN5,205/60R16,41,24,1
大川,1679250,AB,ﾉｰｽﾄﾚｯｸN5,205/60R16,42,24,1
大川,1679250,AB,ﾉｰｽﾄﾚｯｸN5,205/60R16,25,24,1
大川,1679247,AB,ﾉｰｽﾄﾚｯｸN5,185/65R15,26,24,3
大川,1679247,AB,ﾉｰｽﾄﾚｯｸN5,185/65R15,38,24,2
大川,1679247,AB,ﾉｰｽﾄﾚｯｸN5,185/65R15,37,24,2
大川,1679248,AB,ﾉｰｽﾄﾚｯｸN5,195/65R15,24,24,1
大川,1672102,YH,iG70,175/65R15,49,24,4
大川,1728217,YH,XT,225/65R17,02,24,8
大川,1686547,YH,RV03,235/50R18,33,24,11
大川,1686547,YH,RV03,235/50R18,34,24,7
大川,1686513,YH,RV03,155/65R14,09,24,6
大川,1686513,YH,RV03,155/65R14,08,24,21
大川,1676478,YH,ES32,155/70R13,09,24,4
大川,1610750,YH,XT,215/50R18,10,24,3
大川,1686543,YH,RV03,225/50R18,23,24,13
大川,1610754,YH,XT,215/60R17,08,24,4
大川,1686527,YH,RV03,205/55R16,10,24,4
大川,1686526,YH,RV03,195/65R15,46,24,4
大川,1686526,YH,RV03,195/65R15,41,24,1
大川,1686526,YH,RV03,195/65R15,40,24,3
大川,1686517,YH,RV03,165/65R14,46,24,1
大川,1676507,YH,ES32,185/65R15,03,24,1
大川,1676507,YH,ES32,185/65R15,10,24,3
大川,1676518,YH,ES32,195/65R15,03,24,11
大川,1676476,YH,ES32,155/65R14,34,24,87
大川,1676476,YH,ES32,155/65R14,11,24,28
大川,1676476,YH,ES32,155/65R14,10,24,11
大川,1676476,YH,ES32,155/65R14,42,24,2
大川,1676476,YH,ES32,155/65R14,41,24,1
大川,1676476,YH,ES32,155/65R14,09,24,1
大川,1676507,YH,ES32,185/65R15,34,24,11
大川,1676507,YH,ES32,185/65R15,10,24,5
大川,1506304,DL,EC204,145/80R13,22,24,5
大川,1723617,DL,ﾙﾏﾝV+,185/60R15,08,24,4
大川,1723613,DL,ﾙﾏﾝV+,175/65R15,10,24,4
大川,1506278,DL,EC204,215/45R17,09,24,3
大川,1612624,DL,ﾋﾞｭｰﾛVE304,185/65R15,06,24,4
大川,1754052,DL,RV505,205/60R16,01,24,4
大川,1506308,DL,EC204,205/55R16,07,24,4
大川,1506327,DL,EC204,165/50R15,14,24,1
大川,1577473,DL,RV505,155/65R14,16,24,16
大牟田,1560622,BS,GR-X2,225/45R18,26,22,2
大牟田,1535302,BS,ﾎﾟﾃﾝｻﾞS007,235/30R20,03,20,2
大牟田,1676501,YH,ES32,185/55R15,41,21,3
大牟田,1319966,FK,ｼﾝｾﾗSN832i,155/65R13,21,23,3
大牟田,1676518,YH,ES32,195/65R15,40,21,2
大牟田,1163088,AB,ｴﾊﾞｰﾛｰﾄﾞ,175/70R14,02,20,1
大牟田,400104,BS,ﾈｸｽﾄﾘｰ,165/70R14,12,21,1
大牟田,1609770,BS,PX-RV2,195/60R16,21,23,1
大牟田,400111,BS,ﾈｸｽﾄﾘｰ,175/65R15,51,21,1
大牟田,400121,BS,ﾈｸｽﾄﾘｰ,195/55R15,16,20,1
大牟田,400121,BS,ﾈｸｽﾄﾘｰ,195/55R15,30,22,1
大牟田,1162461,YH,AE01F,175/65R15,35,20,3
大牟田,1676487,YH,ES32,165/65R14,47,22,1
大牟田,524271,BS,ｽﾆｰｶｰ,135/80R12,44,21,2
大牟田,400098,BS,ﾈｸｽﾄﾘｰ,165/55R14,15,22,1
大牟田,1686633,BS,NH200C,155/65R13,08,22,1
大牟田,1686649,BS,NH200C,175/65R14,12,22,1
大牟田,1506292,DL,EC204,165/65R13,50,23,2
大牟田,1577463,DL,RV505,195/65R15,14,23,1
大牟田,583034,YH,AE01,165/55R15,07,21,3
大牟田,1577463,DL,RV505,195/65R15,11,21,1
大牟田,1506329,DL,EC204,165/55R15,33,20,1
大牟田,1577478,DL,RV505,205/55R17,48,20,1
大牟田,1319971,FK,ｼﾝｾﾗSN832i,145/80R13,21,23,4
大牟田,1181578,YH,AE01,165/60R15,13,22,1
大牟田,1723613,DL,ﾙﾏﾝV+,175/65R15,31,23,1
大牟田,1319982,FK,ｼﾝｾﾗSN832i,165/55R15,23,23,1
大牟田,1319982,FK,ｼﾝｾﾗSN832i,165/55R15,22,23,1
大牟田,1506276,DL,EC204,165/60R15,20,21,1
大牟田,1319982,FK,ｼﾝｾﾗSN832i,165/55R15,23,23,1
大牟田,1319982,FK,ｼﾝｾﾗSN832i,165/55R15,22,23,1
大牟田,1506300,DL,EC204,185/65R15,34,22,1
大牟田,1506276,DL,EC204,165/60R15,28,21,2
大牟田,1506282,DL,EC204,185/60R15,12,22,1
大牟田,1506282,DL,EC204,185/60R15,05,22,1
大牟田,1485510,YH,iG60,155/65R14,30,23,4
大牟田,1672089,YH,iG70,155/65R14,39,23,4
大牟田,1672089,YH,iG70,155/65R14,23,22,3
大牟田,1671703,BS,VRX3,145/80R13,39,21,2
大牟田,1671703,BS,VRX3,145/80R13,40,21,2
大牟田,1613879,YH,RY55,145/80R12 80/78,50,23,4
大牟田,1726059,DL,ﾋﾞｭｰﾛVE304,195/50R19,05,23,3
大牟田,1415422,DL,ｳｨﾝﾀｰﾏｯｸｽ02,175/65R15,44,24,4
大牟田,1642921,AB,ｴﾌｨｼｱ,155/65R13,52,23,2
大牟田,1667159,MI,Eﾌﾟﾗｲﾏｼｰ,185/60R15,48,23,4
大牟田,1672019,MI,ｸﾛｽｸﾗｲﾒｲﾄ2,195/65R15,37,22,4
大牟田,263169,DL,VAN01,145R12-6PR,22,23,2
大牟田,263169,DL,VAN01,145R12-6PR,20,23,1
大牟田,1723606,DL,ﾙﾏﾝV+,165/60R15,18,23,1
大牟田,1723606,DL,ﾙﾏﾝV+,165/60R15,17,23,3
大牟田,1319987,FK,ｼﾝｾﾗSN832i,185/65R15,16,23,4
大牟田,1367685,DL,VAN01,145/80R12 80/78,49,23,4
大牟田,1506329,DL,EC204,165/55R15,29,23,1
大牟田,1686527,YH,RV03,205/55R16,31,23,1
大牟田,578523,YH,AE01,145/80R13,50,23,4
大牟田,1686545,YH,RV03,225/55R18,37,23,1
大牟田,1686545,YH,RV03,225/55R18,46,23,1
大牟田,1686545,YH,RV03,225/55R18,38,23,2
大牟田,1181578,YH,AE01,165/60R15,36,20,1
大牟田,1723588,BS,ﾆｭｰﾉ,215/60R16,50,22,2
大牟田,1723561,BS,ﾆｭｰﾉ,185/55R15,09,23,1
大牟田,1271944,BS,GRV2,195/65R15,16,23,1
大牟田,1271944,BS,GRV2,195/65R15,17,23,1
大牟田,1686634,BS,NH200C,155/65R14,41,23,2
大牟田,1686644,BS,NH200C,165/70R14,10,22,1
大牟田,1723546,BS,ﾆｭｰﾉ,165/60R14,50,23,2
大牟田,1679238,AB,ﾉｰｽﾄﾚｯｸN5,145/80R13,37,23,3
大牟田,1679238,AB,ﾉｰｽﾄﾚｯｸN5,145/80R13,38,23,1
大牟田,1679238,AB,ﾉｰｽﾄﾚｯｸN5,145/80R13,39,23,1
大牟田,1672116,YH,iG70,195/65R15,31,21,7
大牟田,1672116,YH,iG70,195/65R15,27,21,3
大牟田,1672116,YH,iG70,195/65R15,26,21,4
大牟田,1672116,YH,iG70,195/65R15,28,21,2
大牟田,1672116,YH,iG70,195/65R15,11,22,1
大牟田,1672116,YH,iG70,195/65R15,26,22,2
大牟田,1672116,YH,iG70,195/65R15,30,21,1
大牟田,1672102,YH,iG70,175/65R15,32,21,3
大牟田,1672102,YH,iG70,175/65R15,33,21,2
大牟田,1672102,YH,iG70,175/65R15,43,21,2
大牟田,1672102,YH,iG70,175/65R15,34,21,1
大牟田,1541401,AB,ｱｲｽｴｽﾎﾟﾙﾃ,155/65R13,37,21,4
大牟田,1541399,AB,ｱｲｽｴｽﾎﾟﾙﾃ,145/80R13,41,22,2
大牟田,1541399,AB,ｱｲｽｴｽﾎﾟﾙﾃ,145/80R13,42,22,2
大牟田,1541413,AB,ｱｲｽｴｽﾎﾟﾙﾃ,175/65R15,36,22,4
大牟田,1686633,BS,NH200C,155/65R13,08,22,2
大牟田,1686633,BS,NH200C,155/65R13,13,23,2
大牟田,1577473,DL,RV505,155/65R14,13,23,4
大牟田,1577451,DL,RV505,165/55R15,16,23,4
大牟田,1683774,AB,ﾒﾀﾞﾘｵﾝMD-S1,235/55R18,32,22,1
大牟田,1577441,DL,RV505,195/60R16,30,23,4
大牟田,1686525,YH,RV03,195/60R16,35,22,1
大牟田,1686525,YH,RV03,195/60R16,31,23,2
大牟田,1686525,YH,RV03,195/60R16,04,22,1
大牟田,1686526,YH,RV03,195/65R15,35,23,4
大牟田,1162459,YH,AE01F,185/60R15,43,23,1
大牟田,1676504,YH,ES32,185/60R15,14,23,4
大牟田,1654936,DL,ｵｰﾙｼｰｽﾞﾝﾏｯｸｽVA1,145/80R12 80/78,50,23,4
大牟田,1595936,DL,ｵｰﾙｼｰｽﾞﾝﾏｯｸｽAS1,155/65R14,49,23,4
大牟田,1654966,DL,ｵｰﾙｼｰｽﾞﾝﾏｯｸｽAS1,165/55R15,37,23,3
大牟田,1728750,YH,ﾌﾞﾙｰｱｰｽﾊﾞﾝ ｷｬﾝﾊﾟｰ,195/80R15 107/105,10,23,2
大牟田,1728750,YH,ﾌﾞﾙｰｱｰｽﾊﾞﾝ ｷｬﾝﾊﾟｰ,195/80R15 107/105,12,23,2
大牟田,1643484,TY,ﾌﾟﾛｸｾｽCL1 SUV,225/65R17,30,23,4
大牟田,1686534,YH,RV03,215/50R17,47,23,3
大牟田,1506269,DL,EC204,225/45R18,43,22,4
大牟田,1723555,BS,ﾆｭｰﾉ,175/60R15,03,23,2
大牟田,1676487,YH,ES32,165/65R14,49,23,1
大牟田,1577473,DL,RV505,155/65R14,15,23,4
大牟田,1707306,AB,ﾒﾀﾞﾘｵﾝACP1,195/65R15,41,22,4
大牟田,1617832,YH,ｼﾞｵﾗﾝﾀﾞｰMT,145/80R12 80/78,52,23,2
大牟田,1613879,YH,RY55,145/80R12 80/78,50,23,2
大牟田,1665264,YH,ｼﾞｵﾗﾝﾀﾞｰAT,155/65R14,31,23,4
大牟田,1657474,YH,GT,185/60R16,21,23,1
大牟田,1657474,YH,GT,185/60R16,04,23,3
大牟田,1676518,YH,ES32,195/65R15,05,22,3
大牟田,1676518,YH,ES32,195/65R15,06,22,5
大牟田,1686526,YH,RV03,195/65R15,35,23,4
大牟田,1676504,YH,ES32,185/60R15,14,23,2
大牟田,1676504,YH,ES32,185/60R15,13,23,1
大牟田,1686516,YH,RV03,165/60R15,49,23,4
大牟田,1686516,YH,RV03,165/60R15,50,23,2
大牟田,1235609,GY,ｱｲｽﾅﾋﾞSUV,225/55R18,46,21,4
大牟田,1303524,AB,ﾉｰｽﾄﾚｯｸN3i,185/65R15,40,21,1
大牟田,1415405,DL,ｳｨﾝﾀｰﾏｯｸｽ02,205/60R16,45,22,3
大牟田,1629069,DL,ｳｨﾝﾀｰﾏｯｸｽ03,195/65R15,44,20,4
大牟田,1415422,DL,ｳｨﾝﾀｰﾏｯｸｽ02,175/65R15,44,22,4
大牟田,1303527,AB,ﾉｰｽﾄﾚｯｸN3i,205/65R16,38,21,4
大牟田,1303529,AB,ﾉｰｽﾄﾚｯｸN3i,205/60R16,40,21,1
大牟田,1303529,AB,ﾉｰｽﾄﾚｯｸN3i,205/60R16,41,21,1
大牟田,1679246,AB,ﾉｰｽﾄﾚｯｸN5,175/65R15,31,23,3
大牟田,1671725,BS,VRX3,175/65R15,38,23,4
大牟田,1319966,FK,ｼﾝｾﾗSN832i,155/65R13,10,24,1
大牟田,1506297,DL,EC204,175/65R15,51,24,2
大牟田,1723613,DL,ﾙﾏﾝV+,175/65R15,24,24,3
大牟田,1506280,DL,EC204,175/70R14,11,24,4
大牟田,1506280,DL,EC204,175/70R14,37,24,3
大牟田,1754053,DL,RV505,205/55R17,37,24,3
大牟田,1723613,DL,ﾙﾏﾝV+,175/65R15,24,24,1
大牟田,1506277,DL,EC204,165/70R14,36,24,6
大牟田,1506277,DL,EC204,165/70R14,35,24,2
大牟田,1723613,DL,ﾙﾏﾝV+,175/65R15,10,24,3
大牟田,1367685,DL,VAN01,145/80R12 80/78,20,24,4
大牟田,1506297,DL,EC204,175/65R15,51,24,2
大牟田,1506276,DL,EC204,165/60R15,17,24,1
大牟田,1506276,DL,EC204,165/60R15,01,24,1
大牟田,1506276,DL,EC204,165/60R15,14,24,1
大牟田,1506317,DL,EC204,195/60R16,16,24,3
大牟田,1506319,DL,EC204,205/60R16,14,24,4
大牟田,1506326,DL,EC204,155/65R14,50,24,2
大牟田,1506326,DL,EC204,155/65R14,51,24,2
大牟田,1541406,AB,ｱｲｽｴｽﾎﾟﾙﾃ,155/65R14,35,24,2
大牟田,1541406,AB,ｱｲｽｴｽﾎﾟﾙﾃ,155/65R14,28,24,2
大牟田,1541406,AB,ｱｲｽｴｽﾎﾟﾙﾃ,155/65R14,28,24,2
大牟田,1541406,AB,ｱｲｽｴｽﾎﾟﾙﾃ,155/65R14,42,24,2
大牟田,1726059,DL,ﾋﾞｭｰﾛVE304,195/50R19,36,24,1
大牟田,1506313,DL,EC204,175/60R16,01,24,4
大牟田,1506328,DL,EC204,165/65R14,10,24,4
大牟田,1379323,BS,ﾚｼﾞｪｰﾗ,165/55R15,11,24,3
大牟田,1642921,AB,ｴﾌｨｼｱ,155/65R13,06,24,4
大牟田,1506289,DL,EC204,155/65R13,25,24,4
大牟田,1577473,DL,RV505,155/65R14,09,24,4
大牟田,1642921,AB,ｴﾌｨｼｱ,155/65R13,18,24,2
大牟田,1642921,AB,ｴﾌｨｼｱ,155/65R13,17,24,2
大牟田,1506297,DL,EC204,175/65R15,46,24,2
大牟田,263170,DL,VAN01,145R12-8PR,03,24,2
大牟田,263170,DL,VAN01,145R12-8PR,02,24,2
大牟田,1723604,DL,ﾙﾏﾝV+,165/55R15,39,24,4
大牟田,1577473,DL,RV505,155/65R14,18,24,3
大牟田,1577473,DL,RV505,155/65R14,16,24,1
大牟田,1723617,DL,ﾙﾏﾝV+,185/60R15,10,24,4
大牟田,1723619,DL,ﾙﾏﾝV+,185/65R15,12,24,3
大牟田,1506297,DL,EC204,175/65R15,46,24,3
大牟田,1723599,DL,ﾙﾏﾝV+,155/65R14,29,24,1
大牟田,1541413,AB,ｱｲｽｴｽﾎﾟﾙﾃ,175/65R15,29,24,4
大牟田,1686527,YH,RV03,205/55R16,10,24,1
大牟田,1560546,YH,GT,155/65R14,23,24,4
大牟田,1686535,YH,RV03,215/55R17,26,24,2
大牟田,1610756,YH,XT,225/50R18,12,24,1
大牟田,1686514,YH,RV03,165/55R15,49,24,9
大牟田,1686514,YH,RV03,165/55R15,49,24,7
大牟田,1686526,YH,RV03,195/65R15,40,24,1
大牟田,578531,YH,AE01,155/65R14,38,24,2
大牟田,578531,YH,AE01,155/65R14,50,24,1
大牟田,1560583,YH,GT,165/55R15,18,24,2
大牟田,1657478,YH,GT,195/60R17,29,24,2
大牟田,1686513,YH,RV03,155/65R14,49,24,1
大牟田,1549793,YH,ﾌﾞﾙｰｱｰｽ4S,185/65R15,39,24,4
大牟田,1541399,AB,ｱｲｽｴｽﾎﾟﾙﾃ,145/80R13,34,24,4
大牟田,1686514,YH,RV03,165/55R15,36,24,1
大牟田,1686517,YH,RV03,165/65R14,11,24,6
大牟田,1676490,YH,ES32,165/70R14,25,24,4
大牟田,1750494,BS,GR-X3,225/45R18,43,24,4
大牟田,1560634,BS,GR-X2,175/65R15,10,24,4
大牟田,1723573,BS,ﾆｭｰﾉ,195/55R16,27,24,3
大牟田,1750456,BS,GR-X3,205/55R16,22,24,3
大牟田,1750456,BS,GR-X3,205/55R16,51,24,1
大牟田,1679238,AB,ﾉｰｽﾄﾚｯｸN5,145/80R13,34,24,3
大牟田,1679238,AB,ﾉｰｽﾄﾚｯｸN5,145/80R13,23,24,2
大牟田,1679244,AB,ﾉｰｽﾄﾚｯｸN5,165/65R14,22,24,5
大牟田,1679244,AB,ﾉｰｽﾄﾚｯｸN5,165/65R14,35,24,2
大牟田,1679244,AB,ﾉｰｽﾄﾚｯｸN5,165/65R14,21,24,1
大牟田,1679249,AB,ﾉｰｽﾄﾚｯｸN5,185/60R15,38,24,4
大牟田,1642921,AB,ｴﾌｨｼｱ,155/65R13,11,24,4
大牟田,1506326,DL,EC204,155/65R14,51,24,4
大牟田,1560546,YH,GT,155/65R14,23,24,4
大牟田,1686513,YH,RV03,155/65R14,49,24,2
大牟田,1506320,YH,EC204,165/55R14,01,24,4
大牟田,1560583,YH,GT,165/55R15,15,24,4
大牟田,1686514,YH,RV03,165/55R15,36,24,4
大牟田,1751168,YH,ｄB,165/55R15,17,24,4
大牟田,1686514,YH,RV03,165/55R15,49,24,24
大牟田,1676485,YH,ES32,165/60R15,16,24,1
大牟田,1751176,YH,ｄB,195/65R15,10,24,4
大牟田,1162459,YH,AE01F,185/60R15,01,24,1
大牟田,1654966,DL,ｵｰﾙｼｰｽﾞﾝﾏｯｸｽAS1,165/55R15,02,24,1
大牟田,1609717,BS,R710,165/80R14 97/95,51,24,2
大牟田,1613880,YH,RY55,145/80R12 86/84,49,24,4
大牟田,1751168,YH,ｄB,165/55R15,17,24,4
大牟田,1509720,BS,ｴｺﾋﾟｱEV01,185/65R15,15,24,3
大牟田,1509720,BS,ｴｺﾋﾟｱEV01,185/65R15,14,24,1
大牟田,299019,BS,ｴｺﾋﾟｱEV01,205/55R16,16,24,4
大牟田,1750454,BS,GR-X3,195/65R15,04,24,2
大牟田,1560546,YH,GT,155/65R14,23,24,4
大牟田,1723599,DL,ﾙﾏﾝV+,155/65R14,10,24,1
大牟田,1723599,DL,ﾙﾏﾝV+,155/65R14,29,24,3
大牟田,1728215,YH,XT,195/65R16,44,24,4
大牟田,1805821,YH,V61,235/55R18,51,24,4
大牟田,1686543,YH,RV03,225/50R18,33,24,1
大牟田,1686543,YH,RV03,225/50R18,51,24,1
大牟田,1686534,YH,RV03,215/50R17,30,24,1
大牟田,1686537,YH,RV03,215/60R17,02,24,2
大牟田,1686527,YH,RV03,205/55R16,10,24,4
大牟田,1686531,YH,RV03,205/65R16,22,24,2
大牟田,1686531,YH,RV03,205/65R16,47,24,2
大牟田,1751175,YH,ｄB,225/45R18,02,24,1
大牟田,1751175,YH,ｄB,225/45R18,08,24,2
大牟田,1751175,YH,ｄB,225/45R18,41,24,1
大牟田,1723587,BS,ﾆｭｰﾉ,215/55R17,26,24,2
大牟田,1723586,BS,ﾆｭｰﾉ,215/50R17,23,24,2
大牟田,1751147,YH,ｄB,215/50R17,06,24,4
大牟田,1676526,YH,ES32,205/55R16,38,24,1
大牟田,1676526,YH,ES32,205/55R16,48,24,1
大牟田,1676492,YH,ES32,175/55R15,38,24,1
大牟田,1676492,YH,ES32,175/55R15,40,24,1
大牟田,1676513,YH,ES32,195/55R16,42,24,2
大牟田,1723555,BS,ﾆｭｰﾉ,175/60R15,19,24,2
大牟田,1676490,YH,ES32,165/70R14,27,24,4
大牟田,1686644,BS,NH200C,165/70R14,26,24,1
大牟田,1686517,YH,RV03,165/65R14,11,24,4
大牟田,1686514,YH,RV03,165/55R15,49,24,4
大牟田,1560583,YH,GT,165/55R15,18,24,2
大牟田,1686527,YH,RV03,205/55R16,10,24,1
大牟田,1683772,AB,ﾒﾀﾞﾘｵﾝMD-S1,225/65R17,41,24,2
大牟田,1642921,AB,ｴﾌｨｼｱ,155/65R13,14,24,2
大牟田,1687613,YH,ｼﾞｵﾗﾝﾀﾞｰX-AT,165/65R14,44,24,4
大牟田,1686531,YH,RV03,205/65R16,47,24,6
大牟田,1728215,YH,XT,195/65R16,48,24,4
大牟田,1676505,YH,ES32,185/60R16,21,24,2
大牟田,1676505,YH,ES32,185/60R16,20,24,2
大牟田,1686534,YH,RV03,215/50R17,30,24,2
大牟田,1686534,YH,RV03,215/50R17,29,24,1
大牟田,1686534,YH,RV03,215/50R17,48,24,1
大牟田,1696600,YH,RV03,225/60R18,29,24,3
大牟田,1696600,YH,RV03,225/60R18,31,24,1
大牟田,1676516,YH,ES32,195/60R17,34,24,4
大牟田,1751159,YH,ｄB,195/50R19,34,24,2
大牟田,1751159,YH,ｄB,195/50R19,16,24,2
大牟田,1657478,YH,GT,195/60R17,29,24,2
大牟田,1751160,YH,ｄB,205/55R16,25,24,4
大牟田,1686527,YH,RV03,205/55R16,10,24,3
大牟田,1686535,YH,RV03,215/55R17,35,24,4
大牟田,1577441,DL,RV505,195/60R16,24,24,4
大牟田,1506276,DL,EC204,165/60R15,15,24,1
大牟田,1506276,DL,EC204,165/60R15,14,24,2
大牟田,1506276,DL,EC204,165/60R15,17,24,3
大牟田,1506329,DL,EC204,165/55R15,16,24,18
大牟田,1506329,DL,EC204,165/55R15,15,24,2
大牟田,1506326,DL,EC204,155/65R14,19,24,5
大牟田,1671705,BS,VRX3,155/65R14,41,24,3
大牟田,1671705,BS,VRX3,155/65R14,42,24,1
大牟田,1671751,BS,VRX3,205/60R16,36,24,2
大牟田,1671751,BS,VRX3,205/60R16,37,24,2
大牟田,1686513,YH,RV03,155/65R14,49,24,26
大牟田,1560546,YH,GT,155/65R14,23,24,29
大牟田,1751178,YH,ｄB,155/65R14,19,24,8
大牟田,1751178,YH,ｄB,155/65R14,17,24,4
大牟田,1686514,YH,RV03,165/55R15,49,24,14
鳥栖,578531,YH,AE01,155/65R14,32,23,2
鳥栖,578531,YH,AE01,155/65R14,38,23,3
鳥栖,1506304,DL,EC204,145/80R13,15,23,5
鳥栖,578531,YH,AE01,155/65R14,32,23,2
鳥栖,1165056,TY,ﾄﾗﾝﾊﾟｽLuK,155/65R14,27,23,4
鳥栖,1506329,DL,EC204,165/55R15,22,23,4
鳥栖,1676483,YH,ES32,165/55R15,42,23,4
鳥栖,1676483,YH,ES32,165/55R15,20,23,2
鳥栖,1676483,YH,ES32,165/55R15,21,23,2
鳥栖,1165053,TY,ﾄﾗﾝﾊﾟｽLuK,165/55R15,09,23,4
鳥栖,1676497,YH,ES32,175/65R15,43,23,3
鳥栖,1667159,MI,Eﾌﾟﾗｲﾏｼｰ,185/60R15,48,23,2
鳥栖,1676497,YH,ES32,175/65R15,43,23,8
鳥栖,1723604,DL,ﾙﾏﾝV+,165/55R15,30,23,4
鳥栖,1723619,DL,ﾙﾏﾝV+,185/65R15,34,23,2
鳥栖,1162461,YH,AE01F,175/65R15,38,23,3
鳥栖,1723561,BS,ﾆｭｰﾉ,185/55R15,32,23,1
鳥栖,1723561,BS,ﾆｭｰﾉ,185/55R15,40,23,1
鳥栖,1577463,DL,RV505,195/65R15,50,23,1
鳥栖,1577463,DL,RV505,195/65R15,52,23,1
鳥栖,1162454,YH,AE01F,205/55R16,36,23,3
鳥栖,1162454,YH,AE01F,205/55R16,36,23,1
鳥栖,1485502,YH,ｉG60,195/65R15,21,21,1
鳥栖,1686526,YH,RV03,195/65R15,48,23,2
鳥栖,1686526,YH,RV03,195/65R15,07,23,2
鳥栖,1751187,YH,ｄB V553,225/45R17,19,23,2
鳥栖,1602934,AB,ｵｰﾙｼｰｽﾞﾝAP2,175/65R15,02,20,2
鳥栖,1602934,AB,ｵｰﾙｼｰｽﾞﾝAP2,175/65R15,01,20,2
鳥栖,1506297,DL,EC204,175/65R15,41,22,1
鳥栖,1686633,BS,NH200C,155/65R13,21,23,2
鳥栖,1595945,DL,ｵｰﾙｼｰｽﾞﾝﾏｯｸｽAS1,195/65R15,47,23,4
鳥栖,1707306,AB,ﾒﾀﾞﾘｵﾝACP1,195/65R15,42,22,4
鳥栖,1672019,MI,ｸﾛｽｸﾗｲﾒｲﾄ2,195/65R15,21,23,1
鳥栖,1672019,MI,ｸﾛｽｸﾗｲﾒｲﾄ2,195/65R15,22,23,3
鳥栖,1162468,YH,AE01F,165/70R14,30,23,4
鳥栖,1181578,YH,AE01,165/60R15,11,22,1
鳥栖,1181578,YH,AE01,165/60R15,28,23,2
鳥栖,1181578,YH,AE01,165/60R15,14,23,1
鳥栖,1643480,TY,ﾌﾟﾛｸｾｽCL1 SUV,225/55R18,02,23,4
鳥栖,1643478,TY,ﾌﾟﾛｸｾｽCL1 SUV,235/55R18,44,22,3
鳥栖,1643478,TY,ﾌﾟﾛｸｾｽCL1 SUV,235/55R18,43,22,1
鳥栖,1686547,YH,RV03,235/50R18,20,23,2
鳥栖,1686547,YH,RV03,235/50R18,21,23,2
鳥栖,1319977,FK,ｼﾝｾﾗSN832i,175/65R14,17,23,3
鳥栖,1610761,YH,XT,225/65R17,45,22,2
鳥栖,1610761,YH,XT,225/65R17,11,23,1
鳥栖,1162463,YH,AE01F,195/65R15,36,23,2
鳥栖,1319988,FK,ｼﾝｾﾗSN832i,195/65R15,19,23,2
鳥栖,1577463,DL,RV505,195/65R15,51,23,3
鳥栖,1577463,DL,RV505,195/65R15,52,23,1
鳥栖,1723619,DL,ﾙﾏﾝV+,185/65R15,34,23,2
鳥栖,1319985,FK,ｼﾝｾﾗSN832i,185/60R15,49,23,1
鳥栖,1319985,FK,ｼﾝｾﾗSN832i,185/60R15,17,23,1
鳥栖,1613879,YH,RY55,145/80R12 80/78,33,23,1
鳥栖,1613879,YH,RY55,145/80R12 80/78,42,23,1
鳥栖,578523,YH,AE01,145/80R13,50,23,4
鳥栖,1319971,FK,ｼﾝｾﾗSN832i,145/80R13,16,23,4
鳥栖,1506304,DL,EC204,145/80R13,15,23,4
鳥栖,1165056,TY,ﾄﾗﾝﾊﾟｽLuK,155/65R14,09,23,2
鳥栖,1165056,TY,ﾄﾗﾝﾊﾟｽLuK,155/65R14,07,23,1
鳥栖,1165056,TY,ﾄﾗﾝﾊﾟｽLuK,155/65R14,08,23,1
鳥栖,578531,YH,AE01,155/65R14,32,23,3
鳥栖,578531,YH,AE01,155/65R14,37,23,1
鳥栖,1560546,YH,GT,155/65R14,52,23,2
鳥栖,1560546,YH,GT,155/65R14,51,23,2
鳥栖,1686514,YH,RV03,165/55R15,47,23,1
鳥栖,1723604,DL,ﾙﾏﾝV+,165/55R15,43,23,2
鳥栖,1723604,DL,ﾙﾏﾝV+,165/55R15,30,23,2
鳥栖,1676497,YH,ES32,175/65R15,43,23,4
鳥栖,1319986,FK,ｼﾝｾﾗSN832i,175/65R15,25,23,2
鳥栖,1506297,DL,EC204,175/65R15,16,22,1
鳥栖,1506297,DL,EC204,175/65R15,41,22,3
鳥栖,1303530,AB,ﾉｰｽﾄﾚｯｸN3i,215/60R16,38,21,1
鳥栖,1303530,AB,ﾉｰｽﾄﾚｯｸN3i,215/60R16,39,21,3
鳥栖,1303527,AB,ﾉｰｽﾄﾚｯｸN5,205/65R16,37,21,4
鳥栖,1303527,AB,ﾉｰｽﾄﾚｯｸN5,205/65R16,37,21,4
鳥栖,1303530,AB,ﾉｰｽﾄﾚｯｸN3i,215/60R16,39,21,1
鳥栖,1541417,AB,ｱｲｽｴｽﾎﾟﾙﾃ,195/65R15,46,20,4
鳥栖,1303523,AB,ﾉｰｽﾄﾚｯｸN3i,175/65R15,24,21,1
鳥栖,1303523,AB,ﾉｰｽﾄﾚｯｸN3i,175/65R15,23,21,1
鳥栖,1485501,YH,iG60,185/65R15,35,23,1
鳥栖,1485501,YH,iG60,185/65R15,45,21,1
鳥栖,1485501,YH,iG60,185/65R15,10,21,1
鳥栖,1672105,YH,iG70,185/60R15,29,21,3
鳥栖,1672105,YH,iG70,185/60R15,30,21,1
鳥栖,1672116,YH,iG70,195/65R15,45,23,2
鳥栖,1485500,YH,iG60,175/65R15,39,23,4
鳥栖,1676504,YH,ES32,185/60R15,15,23,4
鳥栖,578531,YH,AE01,155/65R14,38,23,30
鳥栖,578531,YH,AE01,155/65R14,32,23,41
鳥栖,1751160,YH,ｄB,205/55R16,45,24,1
鳥栖,1751160,YH,ｄB,205/55R16,46,24,3
鳥栖,1751175,YH,ｄB,225/45R18,14,24,4
鳥栖,1610763,YH,XT,235/55R18,36,24,3
鳥栖,1750474,BS,GR-X3,215/55R17,01,24,4
鳥栖,1800524,BS,GR-X3 RV,215/50R17,48,24,4
鳥栖,1800520,BS,GR-X3,205/55R16,20,24,4
鳥栖,1750454,BS,GR-X3,195/65R15,13,24,4
鳥栖,1162452,YH,AE01F,185/55R16,24,24,1
鳥栖,1683774,AB,ﾒﾀﾞﾘｵﾝMD-S1,235/55R18,08,24,1
鳥栖,1683774,AB,ﾒﾀﾞﾘｵﾝMD-S1,235/55R18,10,24,1
鳥栖,630037,YH,AE01F,175/60R16,08,24,2
鳥栖,630037,YH,AE01F,175/60R16,04,24,1
鳥栖,1686543,YH,RV03,225/50R18,33,24,1
鳥栖,1686543,YH,RV03,225/50R18,49,24,1
鳥栖,1686545,YH,RV03,225/55R18,12,24,2
鳥栖,1686547,YH,RV03,235/50R18,48,24,4
鳥栖,1610761,YH,XT,225/65R17,15,24,1
鳥栖,1643484,TY,ﾌﾟﾛｸｾｽCL1 SUV,225/65R17,10,24,4
鳥栖,1612626,DL,ﾋﾞｭｰﾛVE304,195/65R15,22,24,2
鳥栖,1612626,DL,ﾋﾞｭｰﾛVE304,195/65R15,23,24,2
鳥栖,1686526,YH,RV03,195/65R15,09,24,4
鳥栖,1319988,FK,ｼﾝｾﾗSN832i,195/65R15,07,24,1
鳥栖,1319988,FK,ｼﾝｾﾗSN832i,195/65R15,14,24,1
鳥栖,1723619,DL,ﾙﾏﾝV+,185/65R15,02,24,2
鳥栖,1319985,FK,ｼﾝｾﾗSN832i,185/60R15,11,24,1
鳥栖,1319985,FK,ｼﾝｾﾗSN832i,185/60R15,17,24,1
鳥栖,1162459,YH,AE01F,185/60R15,19,24,3
鳥栖,1162459,YH,AE01F,185/60R15,17,24,1
鳥栖,1676476,YH,ES32,155/65R14,09,24,26
鳥栖,1676476,YH,ES32,155/65R14,11,24,2
鳥栖,1686634,BS,NH200C,155/65R14,23,24,10
鳥栖,1613879,YH,RY55,145/80R12 80/78,07,24,2
鳥栖,1319966,FK,ｼﾝｾﾗSN832i,155/65R13,20,24,2
鳥栖,1319966,FK,ｼﾝｾﾗSN832i,155/65R13,21,24,2
鳥栖,1676476,YH,ES32,155/65R14,33,24,2
鳥栖,1676476,YH,ES32,155/65R14,09,24,2
鳥栖,1686513,YH,RV03,155/65R14,36,24,1
鳥栖,1686513,YH,RV03,155/65R14,35,24,1
鳥栖,1319982,FK,ｼﾝｾﾗSN832i,165/55R15,05,24,4
鳥栖,1560546,YH,GT,155/65R14,20,24,4
鳥栖,1577451,DL,RV505,165/55R15,28,24,4
鳥栖,1686514,YH,RV03,165/55R15,49,24,8
鳥栖,1706063,YH,RV03,165/65R15,36,24,4
鳥栖,1506328,DL,EC204,165/65R14,35,24,2
鳥栖,1751168,YH,ｄB,165/55R15,18,24,4
鳥栖,1162459,YH,AE01F,185/60R15,10,24,1
鳥栖,1162459,YH,AE01F,185/60R15,08,24,3
鳥栖,1162459,YH,AE01F,185/60R15,07,24,1
鳥栖,1162459,YH,AE01F,185/60R15,09,24,1
鳥栖,1162459,YH,AE01F,185/60R15,16,24,1
鳥栖,1676507,YH,ES32,185/65R15,28,24,1
鳥栖,1676507,YH,ES32,185/65R15,48,24,2
鳥栖,1686537,YH,RV03,215/60R17,13,24,1
鳥栖,1686537,YH,RV03,215/60R17,21,24,3
鳥栖,1751187,YH,ｄB V553,225/45R17,39,24,4
鳥栖,1686537,YH,RV03,215/60R17,13,24,3
鳥栖,1751147,YH,ｄB,215/50R17,06,24,3
鳥栖,629018,DL,VAN01,195/80R15 107/105,12,24,1
鳥栖,1686526,YH,RV03,195/65R15,09,24,4
鳥栖,1751175,YH,ｄB,225/45R18,45,24,3
鳥栖,1319987,FK,ｼﾝｾﾗSN832i,185/65R15,13,24,1
鳥栖,1319995,FK,ｼﾝｾﾗSN832i,205/60R16,46,24,3
鳥栖,1319995,FK,ｼﾝｾﾗSN832i,205/60R16,51,24,1
鳥栖,1319987,FK,ｼﾝｾﾗSN832i,185/65R15,10,24,1
鳥栖,1750454,BS,GR-X3,195/65R15,08,24,3
鳥栖,1750454,BS,GR-X3,195/65R15,11,24,1
鳥栖,1800495,BS,GR-X3,165/55R15,49,24,4
鳥栖,1549788,YH,ﾌﾞﾙｰｱｰｽ4S,195/65R15,39,24,4
鳥栖,1686516,YH,RV03,165/60R15,43,24,1
鳥栖,1686516,YH,RV03,165/60R15,11,24,3
鳥栖,1706063,YH,RV03,165/65R15,36,24,4
鳥栖,1723617,DL,ﾙﾏﾝV+,185/60R15,03,24,4
鳥栖,1751176,YH,ｄB,195/65R15,19,24,4
鳥栖,1577473,DL,RV505,155/65R14,04,24,4
鳥栖,1686513,YH,RV03,155/65R14,26,24,2
鳥栖,1686513,YH,RV03,155/65R14,36,24,2
鳥栖,1686514,YH,RV03,165/55R15,37,24,2
鳥栖,1686514,YH,RV03,165/55R15,36,24,1
鳥栖,1577451,DL,RV505,165/55R15,16,24,3
鳥栖,1577451,DL,RV505,165/55R15,15,24,1
鳥栖,1319986,FK,ｼﾝｾﾗSN832i,175/65R15,45,24,2
鳥栖,1723613,DL,ﾙﾏﾝV+,175/65R15,40,24,1
鳥栖,1723613,DL,ﾙﾏﾝV+,175/65R15,49,24,3
鳥栖,1743880,MI,Eﾌﾟﾗｲﾏｼｰ,155/65R14,01,24,4
鳥栖,1686526,YH,RV03,195/65R15,37,24,5
鳥栖,1686526,YH,RV03,195/65R15,37,24,15
鳥栖,1686526,YH,RV03,195/65R15,37,24,2
鳥栖,1541399,AB,ｱｲｽｴｽﾎﾟﾙﾃ,145/80R13,34,24,2
鳥栖,1541399,AB,ｱｲｽｴｽﾎﾟﾙﾃ,145/80R13,40,24,2
鳥栖,1686513,YH,RV03,155/65R14,35,24,6
鳥栖,1686513,YH,RV03,155/65R14,36,24,40
鳥栖,1686513,YH,RV03,155/65R14,50,24,1
鳥栖,1672116,YH,iG70,195/65R15,31,24,2
鳥栖,1686547,YH,RV03,235/50R18,48,24,8
鳥栖,1686514,YH,RV03,165/55R15,49,24,6
鳥栖,1686526,YH,RV03,195/65R15,09,24,2
鳥栖,1706063,YH,RV03,165/65R15,36,24,4
鳥栖,1686514,YH,RV03,165/55R15,36,24,4
鳥栖,1686514,YH,RV03,165/55R15,37,24,9
鳥栖,1676476,YH,ES32,155/65R14,42,24,92
鳥栖,1676476,YH,ES32,155/65R14,41,24,5
鳥栖,1676476,YH,ES32,155/65R14,11,24,9
鳥栖,1676476,YH,ES32,155/65R14,09,24,13
合川,1679246,AB,ﾉｰｽﾄﾚｯｸN5,175/65R15,31,23,4
合川,1610763,YH,XT,235/55R18,31,22,1
合川,1610763,YH,XT,235/55R18,22,22,1
合川,1676482,YH,ES32,165/55R14,49,23,1
合川,1676483,YH,ES32,165/55R15,11,22,1
合川,1560591,YH,GT,175/65R15,27,22,1
合川,1560591,YH,GT,175/65R15,07,23,1
合川,1560540,YH,GT,195/65R15,05,22,1
合川,1498356,YH,dB V552,155/65R14,29,21,2
合川,1498356,YH,dB V552,155/65R14,34,21,2
合川,1498354,YH,dB V552,195/65R15,06,21,3
合川,1498354,YH,dB V552,195/65R15,05,22,1
合川,1498354,YH,dB V552,195/65R15,37,21,1
合川,1498354,YH,dB V552,195/65R15,45,21,3
合川,1498354,YH,dB V552,195/65R15,39,21,2
合川,1498354,YH,dB V552,195/65R15,45,21,2
合川,1686547,YH,RV03,235/50R18,35,23,3
合川,1686547,YH,RV03,235/50R18,36,23,1
合川,1686529,YH,RV03,205/60R16,31,22,1
合川,1686513,YH,RV03,155/65R14,02,22,1
合川,1686513,YH,RV03,155/65R14,04,22,1
合川,1686526,YH,RV03,195/65R15,06,23,2
合川,1686526,YH,RV03,195/65R15,07,23,1
合川,1686526,YH,RV03,195/65R15,48,23,1
合川,1686526,YH,RV03,195/65R15,37,23,1
合川,1686526,YH,RV03,195/65R15,35,23,1
合川,1686526,YH,RV03,195/65R15,35,23,4
合川,1686526,YH,RV03,195/65R15,05,23,1
合川,1686526,YH,RV03,195/65R15,48,23,1
合川,1686526,YH,RV03,195/65R15,07,23,1
合川,1686526,YH,RV03,195/65R15,45,21,5
合川,1686526,YH,RV03,195/65R15,48,23,1
合川,1686525,YH,RV03,195/60R16,35,23,2
合川,1686525,YH,RV03,195/60R16,41,23,1
合川,1617841,YH,ｼﾞｵﾗﾝﾀﾞｰX-AT,145R14 85/83,23,23,10
合川,1716875,YH,ｼﾞｵﾗﾝﾀﾞｰX-AT,165/60R15,45,22,2
合川,578527,YH,AE01,155/65R13,34,21,6
合川,1162461,YH,AE01F,175/65R15,11,22,1
合川,1162461,YH,AE01F,175/65R15,08,22,4
合川,1162461,YH,AE01F,175/65R15,37,21,1
合川,1162461,YH,AE01F,175/65R15,30,21,1
合川,578526,YH,AE01,175/70R13,40,23,1
合川,583034,YH,AE01,165/55R15,21,23,1
合川,1162463,YH,AE01F,195/65R15,35,21,1
合川,1162463,YH,AE01F,195/65R15,27,21,2
合川,1162463,YH,AE01F,195/65R15,02,23,1
合川,1181578,YH,AE01,165/60R15,32,22,1
合川,1181578,YH,AE01,165/60R15,09,22,4
合川,1181578,YH,AE01,165/60R15,29,22,2
合川,1383856,YH,AE01,165/65R15,35,22,2
合川,583033,YH,AE01,165/55R14,32,21,2
合川,578523,YH,AE01F,145/80R13,46,20,3
合川,578523,YH,AE01F,145/80R13,24,23,1
合川,578523,YH,AE01F,145/80R13,45,23,1
合川,1498359,YH,dB V552,225/45R18,30,20,1
合川,1549788,YH,ﾌﾞﾙｰｱｰｽ4S,195/65R15,33,20,3
合川,1676504,YH,ES32,185/60R15,07,22,2
合川,405160,YH,ｴｺｽ,175/65R14,42,20,1
合川,1162469,YH,AE01F,175/70R14,39,21,2
合川,1723577,BS,ﾆｭｰﾉ,195/65R15,07,23,1
合川,1723577,BS,ﾆｭｰﾉ,195/65R15,11,23,1
合川,400130,BS,ﾈｸｽﾄﾘｰ,205/65R15,22,21,1
合川,400126,BS,ﾈｸｽﾄﾘｰ,195/65R15,11,22,1
合川,400126,BS,ﾈｸｽﾄﾘｰ,195/65R15,33,20,1
合川,1449117,BS,NH100C,175/65R14,02,20,1
合川,1449128,BS,NH100C,145/80R13,13,21,1
合川,1686633,BS,NH200C,155/65R13,25,22,1
合川,1678934,BS,PX-RV2,195/60R17,43,21,2
合川,1609770,BS,PX-RV2,195/60R16,04,23,2
合川,1609775,BS,PX-RV2,205/60R16,25,23,2
合川,1609775,BS,PX-RV2,205/60R16,28,23,1
合川,1535260,BS,ﾎﾟﾃﾝｻﾞS007A,225/50R18,11,23,2
合川,1379430,BS,GRV2,235/50R18,14,23,1
合川,1664696,BS,ﾄﾗﾝｻﾞT005RFT,225/40R18,02,22,1
合川,1577463,DL,RV505,195/65R15,31,23,3
合川,1506303,DL,EC204,195/65R15,02,22,1
合川,1506304,DL,EC204,145/80R13,03,21,2
合川,1506329,DL,EC204,165/55R15,21,20,1
合川,1506292,DL,EC204,165/65R13,50,23,4
合川,1506300,DL,EC204,185/65R15,34,22,1
合川,1723604,DL,ﾙﾏﾝV+,165/55R15,29,23,2
合川,1654936,DL,ｵｰﾙｼｰｽﾞﾝﾏｯｸｽVA1,145/80R12 80/78,45,22,2
合川,1630860,AB,ﾏｷｼｽﾊﾞﾝｽﾏｰﾄMCV5,195R15 107/105,41,21,1
合川,1630860,AB,ﾏｷｼｽﾊﾞﾝｽﾏｰﾄMCV5,195R15 107/105,40,21,1
合川,1707306,AB,ﾒﾀﾞﾘｵﾝACP1,195/65R15,41,22,4
合川,1538460,AB,ｻﾊﾗ900,225/65R17,01,21,4
合川,1686547,YH,RV03,235/50R18,11,23,2
合川,1686547,YH,RV03,235/50R18,35,23,2
合川,1754052,DL,RV505,205/60R16,13,23,1
合川,1498354,YH,dB V552,195/65R15,37,21,3
合川,1498354,YH,dB V552,195/65R15,39,21,1
合川,1686526,YH,RV03,195/65R15,05,23,2
合川,1686526,YH,RV03,195/65R15,06,23,2
合川,1686525,YH,RV03,195/60R16,35,23,2
合川,1686525,YH,RV03,195/60R16,51,22,1
合川,1686525,YH,RV03,195/60R16,41,23,1
合川,1610774,YH,RY55,155/80R14 88/86,11,22,4
合川,1686526,YH,RV03,195/65R15,36,22,1
合川,1686526,YH,RV03,195/65R15,37,22,2
合川,1686526,YH,RV03,195/65R15,12,22,1
合川,1506303,DL,EC204,195/65R15,09,21,1
合川,1506303,DL,EC204,195/65R15,02,22,1
合川,1506303,DL,EC204,195/65R15,45,23,2
合川,1498354,YH,dB V552,195/65R15,37,21,3
合川,1498354,YH,dB V552,195/65R15,45,21,1
合川,1560540,YH,GT,195/65R15,05,22,1
合川,1560540,YH,GT,195/65R15,22,22,3
合川,1723613,DL,ﾙﾏﾝV+,175/65R15,31,23,3
合川,1723613,DL,ﾙﾏﾝV+,175/65R15,30,23,1
合川,1162461,YH,AE01F,175/65R15,37,21,2
合川,1162461,YH,AE01F,175/65R15,30,21,2
合川,1667159,MI,Eﾌﾟﾗｲﾏｼｰ,185/60R15,48,23,4
合川,1383856,YH,AE01,165/65R15,36,23,2
合川,1383856,YH,AE01,165/65R15,35,23,2
合川,1383856,YH,AE01,165/65R15,35,22,4
合川,1181578,YH,AE01,165/60R15,35,21,4
合川,1181578,YH,AE01,165/60R15,35,21,4
合川,1686514,YH,RV03,165/55R15,21,23,4
合川,1686513,YH,RV03,155/65R14,02,22,3
合川,1686513,YH,RV03,155/65R14,04,22,1
合川,1686633,BS,NH200C,155/65R13,25,22,4
合川,578527,YH,AE01,155/65R13,34,21,4
合川,1506289,DL,EC204,155/65R13,09,21,1
合川,1506289,DL,EC204,155/65R13,10,21,1
合川,405169,YH,ｴｺｽ,145/80R13,36,20,2
合川,405169,YH,ｴｺｽ,145/80R13,39,20,1
合川,405169,YH,ｴｺｽ,145/80R13,11,21,1
合川,1319971,FK,ｼﾝｾﾗSN832i,145/80R13,20,23,4
合川,1707306,AB,ﾒﾀﾞﾘｵﾝACP1,195/65R15,41,22,4
合川,1705131,GY,ﾍﾞｸﾀｰ4ｼｰｽﾞﾝGEN3,185/65R15,25,22,4
合川,1595941,DL,ｵｰﾙｼｰｽﾞﾝﾏｯｸｽAS1,175/65R15,07,23,4
合川,1319986,FK,ｼﾝｾﾗSN832i,175/65R15,15,23,3
合川,1506297,DL,EC204,175/65R15,40,22,1
合川,1506297,DL,EC204,175/65R15,34,22,2
合川,1560591,YH,GT,175/65R15,07,23,1
合川,1560591,YH,GT,175/65R15,29,21,1
合川,1560591,YH,GT,175/65R15,30,21,2
合川,1723617,DL,ﾙﾏﾝV+,185/60R15,31,23,3
合川,1723617,DL,ﾙﾏﾝV+,185/60R15,06,23,1
合川,1560537,YH,GT,185/65R15,31,21,3
合川,1319988,FK,ｼﾝｾﾗSN832i,195/65R15,16,23,2
合川,1319988,FK,ｼﾝｾﾗSN832i,195/65R15,15,23,2
合川,1577463,DL,RV505,195/65R15,13,22,2
合川,1577463,DL,RV505,195/65R15,31,23,2
合川,1686526,YH,RV03,195/65R15,45,21,2
合川,1686526,YH,RV03,195/65R15,37,22,2
合川,1686526,YH,RV03,195/65R15,45,21,1
合川,1686526,YH,RV03,195/65R15,47,21,1
合川,1506329,DL,EC204,165/55R15,26,23,1
合川,1676475,YH,ES32,155/65R13,25,22,1
合川,1610775,YH,RY55,165/80R13 90/88,18,23,1
合川,1610775,YH,RY55,165/80R13 90/88,28,23,1
合川,1676489,YH,ES32,165/70R13,04,23,3
合川,1676489,YH,ES32,165/70R13,05,23,1
合川,524274,BS,ｽﾆｰｶｰ,145/70R12,13,23,1
合川,524274,BS,ｽﾆｰｶｰ,145/70R12,12,23,1
合川,1577463,DL,RV505,195/65R15,49,23,4
合川,1686526,YH,RV03,195/65R15,37,22,2
合川,1686526,YH,RV03,195/65R15,36,22,1
合川,1686526,YH,RV03,195/65R15,45,21,1
合川,1610763,YH,XT,235/55R18,31,22,1
合川,1610763,YH,XT,235/55R18,23,22,1
合川,1610763,YH,XT,235/55R18,22,22,2
合川,1485502,YH,iG60,195/65R15,29,21,5
合川,1485502,YH,iG60,195/65R15,28,21,2
合川,1485502,YH,iG60,195/65R15,21,21,1
合川,1485516,YH,iG60,175/70R14,31,21,3
合川,1485516,YH,iG60,175/70R14,30,21,1
合川,1485516,YH,iG60,175/70R14,31,21,3
合川,1485516,YH,iG60,175/70R14,30,21,1
合川,1629028,DL,ｳｨﾝﾀｰﾏｯｸｽ03,165/55R15,41,23,4
合川,1415424,DL,ｳｨﾝﾀｰﾏｯｸｽ02,195/65R15,34,22,7
合川,1415423,DL,ｳｨﾝﾀｰﾏｯｸｽ02,185/65R15,37,22,4
合川,1415405,DL,ｳｨﾝﾀｰﾏｯｸｽ02,205/60R16,45,22,4
合川,1629048,DL,ｳｨﾝﾀｰﾏｯｸｽ03,185/60R15,25,23,4
合川,1629033,DL,ｳｨﾝﾀｰﾏｯｸｽ03,155/70R13,49,22,4
合川,1629025,DL,ｳｨﾝﾀｰﾏｯｸｽ03,155/65R13,17,23,4
合川,1686526,YH,RV03,195/65R15,35,23,8
合川,1686526,YH,RV03,195/65R15,48,23,8
合川,1686526,YH,RV03,195/65R15,48,23,8
合川,1686526,YH,RV03,195/65R15,48,23,2
合川,1686526,YH,RV03,195/65R15,35,23,7
合川,1686526,YH,RV03,195/65R15,07,23,3
合川,1686526,YH,RV03,195/65R15,06,23,3
合川,1686526,YH,RV03,195/65R15,05,23,4
合川,1723619,DL,ﾙﾏﾝV+,185/65R15,51,23,4
合川,1303511,AB,ﾉｰｽﾄﾚｯｸN3i,145/80R13,37,21,1
合川,1303511,AB,ﾉｰｽﾄﾚｯｸN3i,145/80R13,39,21,2
合川,1686525,YH,RV03,195/60R16,35,23,5
合川,1676483,YH,ES32,165/55R15,42,23,26
合川,1676483,YH,ES32,165/55R15,41,23,14
合川,1676483,YH,ES32,165/55R15,33,23,40
合川,1676504,YH,ES32,185/60R15,14,23,3
合川,1676504,YH,ES32,185/60R15,15,23,6
合川,1676504,YH,ES32,185/60R15,19,23,20
合川,1676504,YH,ES32,185/60R15,43,23,13
合川,1686517,YH,RV03,165/65R14,33,23,20
合川,583033,YH,AE01,165/55R14,32,21,20
合川,1676497,YH,ES32,175/65R15,37,22,14
合川,1676497,YH,ES32,175/65R15,33,22,1
合川,1676483,YH,ES32,165/55R15,37,22,8
合川,1676479,YH,ES32,155/80R13,10,22,8
合川,1686513,YH,RV03,155/65R14,36,23,32
合川,1686535,YH,RV03,215/55R17,05,23,2
合川,1498359,YH,ｄB　V552,225/45R18,34,21,7
合川,1686519,YH,RV03,175/55R15,06,22,12
合川,1686519,YH,RV03,175/55R15,16,22,4
合川,1162459,YH,AE01F,185/60R15,05,22,3
合川,1162459,YH,AE01F,185/60R15,24,22,3
合川,1676504,YH,ES32,185/60R15,10,22,8
合川,1162463,YH,AE01F,195/65R15,11,22,8
合川,1676497,YH,ES32,175/65R15,34,23,14
合川,1676497,YH,ES32,175/65R15,33,23,1
合川,1383856,YH,AE01,165/65R15,36,23,7
合川,1383856,YH,AE01,165/65R15,35,23,9
合川,1383856,YH,AE01,165/65R15,35,22,2
合川,1383856,YH,AE01,165/65R15,23,22,4
合川,1162461,YH,AE01F,175/65R15,08,22,1
合川,1162461,YH,AE01F,175/65R15,11,22,1
合川,1686513,YH,RV03,155/65R14,04,22,48
合川,1686513,YH,RV03,155/65R14,02,22,2
合川,1676476,YH,ES32,155/65R14,33,24,4
合川,1560583,YH,GT,165/55R15,03,24,4
合川,1686547,YH,RV03,235/50R18,34,24,2
合川,1686543,YH,RV03,225/50R18,33,24,5
合川,1686535,YH,RV03,215/55R17,34,24,1
合川,1686517,YH,RV03,165/65R14,12,24,1
合川,1549788,YH,ﾌﾞﾙｰｱｰｽ4S,195/65R15,30,24,1
合川,1723577,BS,ﾆｭｰﾉ,195/65R15,50,24,3
合川,1723577,BS,ﾆｭｰﾉ,195/65R15,49,24,1
合川,1678934,BS,PX-RV2,195/60R17,25,24,2
合川,1506308,DL,EC204,205/55R16,07,24,4
合川,1506315,DL,EC204,185/60R16,07,24,4
合川,1506329,DL,EC204,165/55R15,16,24,1
合川,1506280,DL,EC204,175/70R14,37,24,4
合川,1506294,DL,EC204,165/65R15,10,24,1
合川,1506328,DL,EC204,165/65R14,26,24,3
合川,1506313,DL,EC204,175/60R16,37,24,3
合川,1506313,DL,EC204,175/60R16,36,24,5
合川,1506294,DL,EC204,165/65R15,10,24,2
合川,1506297,DL,EC204,175/65R15,11,24,3
合川,1506297,DL,EC204,175/65R15,12,24,3
合川,1506297,DL,EC204,175/65R15,46,24,1
合川,1506277,DL,EC204,165/70R14,36,24,1
合川,1654966,DL,ｵｰﾙｼｰｽﾞﾝﾏｯｸｽAS1,165/55R15,09,24,3
合川,1723606,DL,ﾙﾏﾝV+,165/60R15,20,24,2
合川,1723606,DL,ﾙﾏﾝV+,165/60R15,19,24,2
合川,1577451,DL,RV505,165/55R15,11,24,4
合川,1577473,DL,RV505,155/65R14,04,4,4
合川,1654936,DL,ｵｰﾙｼｰｽﾞﾝﾏｯｸｽVA1,145/80R12 80/78,36,24,4
合川,1723641,DL,ﾙﾏﾝV+,215/50R17,03,24,2
合川,1723641,DL,ﾙﾏﾝV+,215/50R17,04,24,2
合川,1577473,DL,RV505,155/65R14,18,24,1
合川,1577473,DL,RV505,155/65R14,14,24,3
合川,1319995,FK,ｼﾝｾﾗSN832i,205/60R16,51,24,3
合川,1319995,FK,ｼﾝｾﾗSN832i,205/60R16,46,24,1
合川,1751147,YH,ｄB V553,215/50R17,06,24,4
合川,1754052,DL,RV505,205/60R16,48,24,3
合川,1754052,DL,RV505,205/60R16,01,24,3
合川,1750454,BS,GR-X3,195/65R15,13,24,3
合川,1750454,BS,GR-X3,195/65R15,14,24,1
合川,1319982,FK,ｼﾝｾﾗSN832i,165/55R15,03,24,4
合川,1506289,DL,EC204,155/65R13,25,24,2
合川,1506297,DL,EC204,175/65R15,07,24,1
合川,1319985,FK,ｼﾝｾﾗSN832i,185/60R15,14,24,3
合川,1319985,FK,ｼﾝｾﾗSN832i,185/60R15,13,24,1
合川,1723606,DL,ﾙﾏﾝV+,165/60R15,19,24,1
合川,1723606,DL,ﾙﾏﾝV+,165/60R15,20,24,3
合川,1506276,DL,EC204,165/60R15,17,24,4
合川,1686516,YH,RV03,165/60R15,09,24,3
合川,1686516,YH,RV03,165/60R15,44,24,1
合川,1506329,DL,EC204,165/55R15,16,24,2
合川,1506329,DL,EC204,165/55R15,05,24,1
合川,1751168,YH,ｄB,165/55R15,18,24,4
合川,1743880,MI,Eﾌﾟﾗｲﾏｼｰ,155/65R14,01,24,4
合川,1723599,DL,ﾙﾏﾝV+,155/65R14,10,24,3
合川,1723599,DL,ﾙﾏﾝV+,155/65R14,02,24,1
合川,1577473,DL,RV505,155/65R14,39,24,4
合川,1676476,YH,ES32,155/65R14,32,24,3
合川,1676476,YH,ES32,155/65R14,33,24,1
合川,1676475,YH,ES32,155/65R13,06,24,3
合川,1506304,DL,EC204,145/80R13,22,24,4
合川,578523,YH,AE01,145/80R13,04,24,4
合川,1610775,YH,RY55,165/80R13 90/88,44,24,1
合川,1506313,DL,EC204,175/60R16,49,24,3
合川,1506277,DL,EC204,165/70R14,36,24,2
合川,1676474,YH,ES32,155/55R14,35,24,2
合川,1723541,BS,ﾆｭｰﾉ,155/80R13,20,24,1
合川,1723541,BS,ﾆｭｰﾉ,155/80R13,22,24,1
合川,1750454,BS,GR-X3,195/65R15,13,24,4
合川,1750458,BS,GR-X3,205/60R16,02,24,1
合川,1750458,BS,GR-X3,205/60R16,05,24,1
合川,1750458,BS,GR-X3,205/60R16,11,24,1
合川,1750458,BS,GR-X3,205/60R16,06,24,1
合川,1750458,BS,GR-X3,205/60R16,04,24,1
合川,1750458,BS,GR-X3,205/60R16,16,24,2
合川,1750458,BS,GR-X3,205/60R16,15,24,1
合川,1609771,BS,PX-RV2,195/65R15,17,24,4
合川,1609770,BS,PX-RV2,195/60R16,36,24,3
合川,1686525,YH,RV03,195/60R16,16,24,1
合川,1686525,YH,RV03,195/60R16,24,24,1
合川,1686535,YH,RV03,215/55R17,35,24,2
合川,1686535,YH,RV03,215/55R17,34,24,2
合川,1686547,YH,RV03,235/50R18,04,24,1
合川,1686547,YH,RV03,235/50R18,26,24,1
合川,1686547,YH,RV03,235/50R18,33,24,2
合川,1560545,YH,GT,215/55R17,27,24,4
合川,1723587,BS,ﾆｭｰﾉ,215/55R17,36,24,3
合川,1724501,BS,LX100,215/55R18,13,24,3
合川,1610751,YH,XT,215/55R17,33,24,4
合川,1652321,BS,LX100,225/60R17,16,24,4
合川,1672096,YH,iG70,165/65R14,34,24,2
合川,1485494,YH,iG60,165/60R15,25,24,4
合川,1672105,YH,iG70,185/60R15,38,24,4
合川,1723627,DL,ﾙﾏﾝV+,195/65R15,11,24,4
合川,1686526,YH,RV03,195/65R15,47,24,37
合川,1686526,YH,RV03,195/65R15,46,24,3
合川,1577441,DL,RV505,195/60R16,22,24,4
合川,1577441,DL,RV505,195/60R16,35,24,2
合川,1577441,DL,RV505,195/60R16,35,24,4
合川,1723617,DL,ﾙﾏﾝV+,185/60R15,08,24,3
合川,1723617,DL,ﾙﾏﾝV+,185/60R15,09,24,1
合川,1686514,YH,RV03,165/55R15,37,24,9
合川,1686514,YH,RV03,165/55R15,36,24,6
合川,1686526,YH,RV03,195/65R15,37,24,50
合川,1686547,YH,RV03,235/50R18,34,24,24
合川,1686547,YH,RV03,235/50R18,33,24,4
合川,1686525,YH,RV03,195/60R16,48,24,16
合川,1686525,YH,RV03,195/60R16,47,24,2
合川,1686535,YH,RV03,215/55R17,35,24,2
合川,1686535,YH,RV03,215/55R17,34,24,8
合川,1686543,YH,RV03,225/50R18,33,24,38
合川,1676476,YH,ES32,155/65R14,33,24,39
合川,1676476,YH,ES32,155/65R14,32,24,49
日田,1657478,YH,GT,195/60R17,24,21,8
日田,1686525,YH,RV03,195/60R16,06,23,2
日田,1560567,YH,GT,205/55R16,14,23,1
日田,1610774,YH,RY55,155/80R14 88/86,09,23,6
日田,1610772,YH,RY55,155/80R13 85/84,15,21,3
日田,1613880,YH,RY55,145/80R12 86/84,47,22,2
日田,1610808,YH,ｼﾞｵﾗﾝﾀﾞｰCV,235/55R18,18,20,1
日田,1686526,YH,RV03,195/65R15,47,21,1
日田,1676518,YH,ES32,195/65R15,42,21,1
日田,405156,YH,ｴｺｽ,195/65R15,08,21,1
日田,1676506,YH,ES32,185/65R14,12,23,1
日田,405153,YH,ｴｺｽ,185/60R15,05,21,3
日田,1091368,YH,ｴｺｽ,165/60R14,25,21,3
日田,1276793,AB,ｵｰﾊﾞｰﾃｲｸRV2,225/65R17,26,21,1
日田,1276793,AB,ｵｰﾊﾞｰﾃｲｸRV2,225/65R17,18,22,1
日田,1276793,AB,ｵｰﾊﾞｰﾃｲｸRV2,225/65R17,52,22,1
日田,1610789,YH,ｼﾞｵﾗﾝﾀﾞｰCV,175/80R15,47,21,1
日田,1686513,YH,RV03,155/65R14,12,23,2
日田,1686513,YH,RV03,155/65R14,50,23,3
日田,1686513,YH,RV03,155/65R14,51,23,9
日田,1672116,YH,iG70,195/65R15,23,24,4
日田,1679248,AB,ﾉｰｽﾄﾚｯｸN5,195/65R15,23,22,4
日田,1671725,BS,VRX3,175/65R15,26,23,4
日田,1671705,BS,VRX3,155/65R14,29,22,3
日田,1679248,AB,ﾉｰｽﾄﾚｯｸN5,195/65R15,24,22,4
日田,1679248,AB,ﾉｰｽﾄﾚｯｸN5,195/65R15,24,22,4
日田,1672135,YH,iG70,215/60R16,30,22,4
日田,1506300,DL,EC204,185/65R15,13,22,3
日田,1506300,DL,EC204,185/65R15,09,22,1
日田,1679244,AB,ﾉｰｽﾄﾚｯｸN5,165/65R14,44,23,1
日田,1679244,AB,ﾉｰｽﾄﾚｯｸN5,165/65R14,41,23,1
日田,1679246,AB,ﾉｰｽﾄﾚｯｸN5,175/65R15,29,22,3
日田,1415423,DL,ｳｨﾝﾀｰﾏｯｸｽ02,185/65R15,37,22,4
日田,1415405,DL,ｳｨﾝﾀｰﾏｯｸｽ02,205/60R16,45,22,4
日田,1415424,DL,ｳｨﾝﾀｰﾏｯｸｽ02,195/65R15,34,22,3
日田,1415424,DL,ｳｨﾝﾀｰﾏｯｸｽ02,195/65R15,34,22,4
日田,1415422,DL,ｳｨﾝﾀｰﾏｯｸｽ02,175/65R15,45,22,1
日田,1415422,DL,ｳｨﾝﾀｰﾏｯｸｽ02,175/65R15,31,22,1
日田,1679248,AB,ﾉｰｽﾄﾚｯｸN5,195/65R15,40,23,1
日田,1679248,AB,ﾉｰｽﾄﾚｯｸN5,195/65R15,38,23,2
日田,1672107,YH,iG70,185/65R15,38,23,4
日田,1560567,YH,GT,205/55R16,23,23,1
日田,1486910,BS,VRX2,175/65R15,29,22,4
日田,1486910,BS,VRX2,175/65R15,31,23,4
日田,1676475,YH,ES32,155/65R13,01,22,4
日田,1506297,DL,EC204,175/65R15,01,22,1
日田,1506297,DL,EC204,175/65R15,12,22,3
日田,1506300,DL,EC204,185/65R15,13,22,1
日田,1676475,YH,ES32,155/65R13,48,20,1
日田,1676475,YH,ES32,155/65R13,01,22,1
日田,1676470,YH,ES32,145/65R15,02,22,1
日田,1577463,DL,RV505,195/65R15,04,23,2
日田,1577463,DL,RV505,195/65R15,05,23,1
日田,1705131,GY,ﾍﾞｸﾀｰ4ｼｰｽﾞﾝGE3,185/65R15,23,22,4
日田,1595936,DL,ｵｰﾙｼｰｽﾞﾝﾏｯｸｽAS1,155/65R14,49,23,4
日田,1707306,AB,ﾒﾀﾞﾘｵﾝACP1,195/65R15,41,22,4
日田,1506329,DL,EC204,165/55R15,37,23,1
日田,1506329,DL,EC204,165/55R15,07,23,1
日田,1723599,DL,ﾙﾏﾝV+,155/65R14,39,23,2
日田,1630859,AB,ﾏｷｼｽﾍﾞｸﾄﾗｽﾎﾟｰﾂVS5,245/40R20,04,21,3
日田,1577475,DL,RV505,165/65R14,15,23,2
日田,1667159,MI,Eﾌﾟﾗｲﾏｼｰ,185/60R15,48,23,4
日田,1709584,AB,ｱﾄﾞﾚﾉAD-R9,245/40R20,06,23,2
日田,1577473,DL,RV505,155/65R14,14,23,1
日田,1577455,DL,RV505,165/60R15,31,23,2
日田,1577455,DL,RV505,165/60R15,24,23,2
日田,1577475,DL,RV505,165/65R14,15,23,4
日田,1672019,MI,ｸﾛｽｸﾗｲﾒｲﾄ2,195/65R15,37,22,4
日田,578523,YH,AE01,145/80R13,16,23,1
日田,1676473,YH,ES32,145/80R13,06,22,4
日田,1686513,YH,RV03,155/65R14,51,23,2
日田,1686513,YH,RV03,155/65R14,50,23,1
日田,1440958,DL,ﾙﾏﾝV+,195/50R16,42,22,2
日田,1440958,DL,ﾙﾏﾝV+,195/50R16,30,22,1
日田,1577463,DL,RV505,195/65R15,13,22,1
日田,1577463,DL,RV505,195/65R15,49,21,1
日田,1506303,DL,EC204,195/65R15,11,22,4
日田,1506300,DL,EC204,185/65R15,09,22,1
日田,1506300,DL,EC204,185/65R15,13,22,1
日田,1723547,BS,ﾆｭｰﾉ,165/60R15,06,23,1
日田,1506329,DL,EC204,165/55R15,23,23,2
日田,1686513,YH,RV03,155/65R14,51,23,1
日田,1505715,AB,ﾏｷｼｽｵｰﾙｼｰｽﾞﾝAP2,195/65R15,36,18,3
日田,1676479,YH,ES32,155/80R13,21,22,1
日田,1560591,YH,GT,175/65R15,08,19,4
日田,1654936,DL,ｵｰﾙｼｰｽﾞﾝﾏｯｸｽVA1,145/80R12 80/78,07,23,4
日田,1165056,TY,ﾄﾗﾝﾊﾟｽLuK,155/65R14,08,23,4
日田,1707303,AB,ﾒﾀﾞﾘｵﾝACP1,155/65R14,46,22,1
日田,1707303,AB,ﾒﾀﾞﾘｵﾝACP1,155/65R14,45,22,3
日田,1577462,DL,RV505,235/50R18,14,22,2
日田,1165053,TY,ﾄﾗﾝﾊﾟｽLuK,165/55R15,08,23,4
日田,1630859,AB,ﾏｷｼｽﾍﾞｸﾄﾗｽﾎﾟｰﾂVS5,245/40R20,04,21,1
日田,1506329,DL,EC204,165/55R15,07,23,2
日田,1723617,DL,ﾙﾏﾝV+,185/60R15,31,23,2
日田,1723617,DL,ﾙﾏﾝV+,185/60R15,31,23,2
日田,1506289,DL,EC204,155/65R13,21,23,1
日田,578523,YH,AE01,145/80R13,16,23,1
日田,1319986,FK,ｼﾝｾﾗSN832i,175/65R15,25,23,3
日田,1686513,YH,RV03,155/65R14,51,23,3
日田,1686513,YH,RV03,155/65R14,50,3,1
日田,1686513,YH,RV03,155/65R14,51,23,3
日田,1686513,YH,RV03,155/65R14,12,23,1
日田,1506303,DL,EC204,195/65R15,11,22,4
日田,1506304,DL,EC204,145/80R13,20,23,2
日田,1506304,DL,EC204,145/80R13,14,23,2
日田,1577473,DL,RV505,155/65R14,31,23,1
日田,1723599,DL,ﾙﾏﾝV+,155/65R14,36,23,2
日田,578523,YH,AE01,145/80R13,16,23,1
日田,1676483,YH,ES32,165/55R15,50,23,4
日田,1686632,BS,NH200C,145/80R13,11,23,3
日田,1686632,BS,NH200C,145/80R13,40,22,1
日田,578531,YH,AE01,155/65R14,25,22,1
日田,1676483,YH,ES32,165/55R15,50,23,4
日田,1686640,BS,NH200C,165/60R15,05,22,1
日田,1723547,BS,ﾆｭｰﾉ,165/60R15,16,23,2
日田,1723547,BS,ﾆｭｰﾉ,165/60R15,12,23,1
日田,1723547,BS,ﾆｭｰﾉ,165/60R15,15,23,1
日田,1613879,YH,RY55,145/80R12 80/78,48,23,4
日田,1652346,BS,LX100,235/55R18,06,23,3
日田,1652346,BS,LX100,235/55R18,11,23,1
日田,1652335,BS,LX100,225/65R17,50,22,3
日田,1652335,BS,LX100,225/65R17,51,22,1
日田,1686627,BS,HN200,225/45R17,08,23,2
日田,1686525,YH,RV03,195/60R16,06,23,1
日田,1577463,DL,RV505,195/65R15,04,23,3
日田,1686615,BS,NH200,195/50R16,21,23,1
日田,1686615,BS,NH200,195/50R16,22,23,1
日田,1686633,BS,NH200C,155/65R13,10,22,1
日田,1686633,BS,NH200C,155/65R13,07,22,1
日田,1686633,BS,NH200C,155/65R13,08,22,1
日田,1652346,BS,LX100,235/55R18,11,23,1
日田,1652346,BS,LX100,235/55R18,17,23,1
日田,1652335,BS,LX100,225/65R17,06,23,4
日田,1671705,BS,VRX3,155/65R14,29,22,1
日田,1671731,BS,VRX3,185/60R15,30,23,9
日田,1671731,BS,VRX3,185/60R15,40,23,2
日田,1671731,BS,VRX3,185/60R15,24,23,2
日田,1671731,BS,VRX3,185/60R15,28,23,1
日田,1671725,BS,VRX3,175/65R15,43,23,6
日田,1671725,BS,VRX3,175/65R15,26,23,2
日田,1671725,BS,VRX3,175/65R15,38,23,3
日田,1671725,BS,VRX3,175/65R15,47,23,1
日田,1671725,BS,VRX3,175/65R15,48,23,1
日田,1671725,BS,VRX3,175/65R15,45,23,2
日田,1671725,BS,VRX3,175/65R15,47,22,1
日田,1671725,BS,VRX3,175/65R15,39,21,4
日田,1671717,BS,VRX3,165/65R15,50,23,11
日田,1671717,BS,VRX3,165/65R15,51,23,1
日田,1316754,YH,iG91,195/80R15 107/105,49,23,3
日田,1316754,YH,iG91,195/80R15 107/105,48,23,1
日田,1672088,YH,iG70,155/65R13,30,22,2
日田,1672102,YH,iG70,175/65R15,37,21,2
日田,1672102,YH,iG70,175/65R15,49,21,3
日田,1672102,YH,iG70,175/65R15,34,21,1
日田,1672102,YH,iG70,175/65R15,35,21,3
日田,1672102,YH,iG70,175/65R15,36,21,2
日田,1672102,YH,iG70,175/65R15,41,21,1
日田,1672093,YH,iG70,165/55R15,22,22,4
日田,1672093,YH,iG70,165/55R15,39,23,4
日田,1672096,YH,iG70,165/65R14,30,22,4
日田,1710552,YH,iG70,145/80R13,39,23,9
日田,1672098,YH,iG70,165/70R14,38,23,4
日田,1485502,YH,iG60,195/65R15,40,23,4
日田,1485500,YH,iG60,175/65R15,40,23,4
日田,1672116,YH,iG70,195/65R15,37,21,1
日田,1657478,YH,GT,195/60R17,24,21,8
日田,1671716,BS,VRX3,165/65R14,25,23,1
日田,1671716,BS,VRX3,165/65R14,28,23,1
日田,1671744,BS,VRX3,195/65R15,19,23,7
日田,1671744,BS,VRX3,195/65R15,44,23,1
日田,1671744,BS,VRX3,195/65R15,37,21,1
日田,1671744,BS,VRX3,195/65R15,46,21,1
日田,1671744,BS,VRX3,195/65R15,32,21,1
日田,1671704,BS,VRX3,155/65R13,42,23,3
日田,1671704,BS,VRX3,155/65R13,29,23,5
日田,1671703,BS,VRX3,145/80R13,47,23,4
日田,1671764,BS,VRX3,215/60R17,37,23,4
日田,1671714,BS,VRX3,165/60R15,43,21,2
日田,1671714,BS,VRX3,165/60R15,49,23,2
日田,1671744,BS,VRX3,195/65R15,46,23,2
日田,1671735,BS,VRX3,185/70R14,50,23,4
日田,1686525,YH,RV03,195/60R16,08,24,2
日田,1750726,YH,RV03,205/60R16,30,24,2
日田,1750726,YH,RV03,205/60R16,50,24,1
日田,1162461,YH,AE01F,175/65R15,39,24,2
日田,1162461,YH,AE01F,175/65R15,40,24,2
日田,1162461,YH,AE01F,175/65R15,25,24,1
日田,1560537,YH,GT,185/65R15,47,24,1
日田,1162459,YH,AE01F,185/60R15,21,24,3
日田,1162459,YH,AE01F,185/60R15,16,24,1
日田,1643484,TY,ﾌﾟﾛｸｾｽCL1 SUV,225/65R17,34,24,2
日田,1643484,TY,ﾌﾟﾛｸｾｽCL1 SUV,225/65R17,36,24,2
日田,1560582,YH,GT,215/45R17,33,24,4
日田,1181578,YH,AE01,165/60R15,09,24,2
日田,1686519,YH,RV03,175/55R15,19,24,2
日田,1676482,YH,ES32,165/55R14,08,24,1
日田,1676482,YH,ES32,165/55R14,29,24,1
日田,1686514,YH,RV03,165/55R15,22,24,1
日田,1506303,DL,EC204,195/65R15,13,24,2
日田,1506303,DL,EC204,195/65R15,11,24,2
日田,1676483,YH,ES32,165/55R15,37,24,4
日田,1686526,YH,RV03,195/65R15,46,24,1
日田,1686526,YH,RV03,195/65R15,47,24,1
日田,1686535,YH,RV03,215/55R17,27,24,2
日田,1686517,YH,RV03,165/65R14,40,24,2
日田,1672089,YH,iG70,155/65R14,41,24,4
日田,1672089,YH,iG70,155/65R14,51,24,4
日田,1541399,AB,ｱｲｽｴｽﾎﾟﾙﾃ,145/80R13,34,24,2
日田,1679249,AB,ﾉｰｽﾄﾚｯｸN5,185/60R15,48,24,4
日田,1506313,DL,EC204,175/60R16,37,24,1
日田,1506313,DL,EC204,175/60R16,33,24,2
日田,1723627,DL,ﾙﾏﾝV+,195/65R15,19,24,4
日田,1723617,DL,ﾙﾏﾝV+,185/60R15,02,24,4
日田,1679244,AB,ﾉｰｽﾄﾚｯｸN5,165/65R14,22,24,1
日田,1679244,AB,ﾉｰｽﾄﾚｯｸN5,165/65R14,25,24,2
日田,1679249,AB,ﾉｰｽﾄﾚｯｸN5,185/60R15,48,24,3
日田,1541416,AB,ｱｲｽｴｽﾎﾟﾙﾃ,185/65R15,35,24,1
日田,1541416,AB,ｱｲｽｴｽﾎﾟﾙﾃ,185/65R15,33,24,1
日田,1679246,AB,ﾉｰｽﾄﾚｯｸN5,175/65R15,27,24,4
日田,1723567,BS,ﾆｭｰﾉ,185/65R15,42,24,1
日田,1723567,BS,ﾆｭｰﾉ,185/65R15,27,24,1
日田,1686650,BS,NH200C,175/65R15,28,24,1
日田,1686650,BS,NH200C,175/65R15,29,24,1
日田,1603822,AB,ﾏｰｷｽMR61,185/65R15,28,24,1
日田,1686517,YH,RV03,165/65R14,46,24,2
日田,1686517,YH,RV03,165/65R14,19,24,1
日田,1560583,YH,GT,165/55R15,21,24,4
日田,1751168,YH,dB,165/55R15,18,24,4
日田,1751176,YH,dB,195/65R15,10,24,4
日田,1162463,YH,AE01F,195/65R15,27,24,2
日田,1162463,YH,AE01F,195/65R15,33,24,2
日田,1577463,DL,RV505,195/65R15,17,24,5
日田,1506326,DL,EC204,155/65R14,19,24,1
日田,1723599,DL,ﾙﾏﾝV+,155/65R14,29,24,2
日田,1723599,DL,ﾙﾏﾝV+,155/65R14,30,24,2
日田,1723599,DL,ﾙﾏﾝV+,155/65R14,09,24,2
日田,1723599,DL,ﾙﾏﾝV+,155/65R14,09,24,2
日田,1676473,YH,ES32,145/80R13,09,24,2
日田,1743880,MI,Eﾌﾟﾗｲﾏｼｰ,155/65R14,01,24,4
日田,1723604,DL,ﾙﾏﾝV+,165/55R15,22,24,4
日田,1723604,DL,ﾙﾏﾝV+,165/55R15,28,24,2
日田,1577463,DL,RV505,195/65R15,13,24,1
日田,1577463,DL,RV505,195/65R15,14,24,1
日田,1577463,DL,RV505,195/65R15,34,24,1
日田,1577473,DL,RV505,155/65R14,40,24,4
日田,1577473,DL,RV505,155/65R14,09,24,2
日田,1506297,DL,EC204,175/65R15,20,24,2
日田,1676473,YH,ES32,145/80R13,09,24,1
日田,1686513,YH,RV03,155/65R14,49,24,2
日田,1686513,YH,RV03,155/65R14,40,24,1
日田,1560546,YH,GT,155/65R14,35,24,3
日田,1686513,YH,RV03,155/65R14,49,24,1
日田,1676476,YH,ES32,155/65R14,31,24,1
日田,1676476,YH,ES32,155/65R14,34,24,1
日田,1676476,YH,ES32,155/65R14,32,24,1
日田,1577463,DL,RV505,195/65R15,05,24,10
日田,1506282,DL,EC204,185/60R15,21,24,2
日田,1506282,DL,EC204,185/60R15,10,24,1
日田,1676476,YH,ES32,155/65R14,33,24,2
日田,1676476,YH,ES32,155/65R14,21,24,1
日田,1723627,DL,ﾙﾏﾝV+,195/65R15,15,24,4
日田,1723604,DL,ﾙﾏﾝV+,165/55R15,22,24,2
日田,1723604,DL,ﾙﾏﾝV+,165/55R15,22,24,2
日田,1603821,AB,ﾏｰｷｽMR61,175/65R15,40,24,2
日田,1603821,AB,ﾏｰｷｽMR61,175/65R15,41,24,2
日田,1603821,AB,ﾏｰｷｽMR61,175/65R15,41,24,2
日田,1603821,AB,ﾏｰｷｽMR61,175/65R15,40,24,2
日田,1750454,BS,GR-X3,195/65R15,08,24,3
日田,1800506,BS,GR-X3,185/60R15,48,24,4
日田,1603812,AB,ﾏｰｷｽMR61,145/80R13,04,24,1
日田,1603812,AB,ﾏｰｷｽMR61,145/80R13,42,24,1
日田,1676473,YH,ES32,145/80R13,09,24,3
日田,1603813,AB,ﾏｰｷｽMR61,155/65R13,36,24,1
日田,1603813,AB,ﾏｰｷｽMR61,155/65R13,37,24,1
日田,578523,YH,AE01,145/80R13,04,24,1
日田,1676473,YH,ES32,145/80R13,09,24,1
日田,1319987,FK,ｼﾝｾﾗSN832i,185/65R15,13,24,1
日田,1319987,FK,ｼﾝｾﾗSN832i,185/65R15,12,24,3
日田,1319986,FK,ｼﾝｾﾗSN832i,175/65R15,45,24,1
日田,1676476,YH,ES32,155/65R14,21,24,3
日田,1676476,YH,ES32,155/65R14,33,24,1
日田,1676476,YH,ES32,155/65R14,33,24,3
日田,1676476,YH,ES32,155/65R14,34,24,1
日田,1686513,YH,RV03,155/65R14,16,24,2
日田,1686513,YH,RV03,155/65R14,49,24,2
日田,1686513,YH,RV03,155/65R14,49,24,4
日田,1506282,DL,EC204,185/60R15,33,24,4
日田,1577473,DL,RV505,155/65R14,14,24,3
日田,1723599,DL,ﾙﾏﾝV+,155/65R14,29,24,2
日田,1723604,DL,ﾙﾏﾝV+,165/55R15,47,24,4
日田,1686526,YH,RV03,195/65R15,22,24,3
日田,1686519,YH,RV03,175/55R15,19,24,3
日田,1686519,YH,RV03,175/55R15,20,24,1
日田,1686517,YH,RV03,165/65R14,46,24,4
日田,578523,YH,AE01,145/80R13,04,24,3
日田,1676473,YH,ES32,145/80R13,09,24,4
日田,578531,YH,AE01,155/65R14,09,24,2
日田,1686640,BS,NH200C,165/60R15,26,24,2
日田,1686516,YH,RV03,165/60R15,46,24,4
日田,1686650,BS,NH200C,175/65R15,07,24,2
日田,1686650,BS,NH200C,175/65R15,29,24,1
日田,1686650,BS,NH200C,175/65R15,28,24,1
日田,1560587,YH,GT,185/60R15,46,24,4
日田,1686656,BS,NH200C,185/65R15,49,24,1
日田,1560537,YH,GT,185/65R15,47,24,3
日田,1162463,YH,AE01F,195/65R15,33,24,2
日田,1162463,YH,AE01F,195/65R15,27,24,2
日田,1723577,BS,ﾆｭｰﾉ,195/65R15,50,24,2
日田,1652348,BS,LX100,225/55R19,48,24,3
日田,1610763,YH,XT,235/55R18,08,24,4
日田,1686628,BS,NH200,225/45R18,27,24,2
日田,1560566,YH,GT,225/45R18,28,24,4
日田,1686547,YH,RV03,235/50R18,49,24,1
日田,1686535,YH,RV03,215/55R17,27,24,2
日田,1750726,YH,RV03,205/60R16,30,24,3
日田,1686526,YH,RV03,195/65R15,09,24,2
日田,1686526,YH,RV03,195/65R15,47,24,1
日田,1686526,YH,RV03,195/65R15,46,24,1
日田,1612698,BS,RE004,195/45R17,06,24,4
日田,299019,BS,ｴｺﾋﾟｱEV01,205/55R16,10,24,4
日田,1686519,YH,RV03,175/55R15,19,24,4
日田,1686517,YH,RV03,165/65R14,40,24,2
日田,1723606,DL,ﾙﾏﾝV+,165/60R15,17,24,4
日田,1750474,BS,GR-X3,215/55R17,29,24,2
日田,1750474,BS,GR-X3,215/55R17,01,24,1
日田,1750494,BS,GR-X3,225/45R18,39,24,4
日田,1652346,BS,LX100,235/55R18,38,24,2
日田,1652335,BS,LX100,225/65R17,47,24,4
日田,1541417,AB,ｱｲｽｴｽﾎﾟﾙﾃ,195/65R15,34,24,12
日田,1541413,AB,ｱｲｽｴｽﾎﾟﾙﾃ,175/65R15,43,24,8
日田,1541413,AB,ｱｲｽｴｽﾎﾟﾙﾃ,175/65R15,33,24,9
日田,1541413,AB,ｱｲｽｴｽﾎﾟﾙﾃ,175/65R15,29,24,3
日田,1671705,BS,VRX3,155/65R14,42,24,32
日田,1671705,BS,VRX3,155/65R14,41,24,21
日田,1671705,BS,VRX3,155/65R14,29,24,15
日田,1671705,BS,VRX3,155/65R14,43,24,1
日田,1671712,BS,VRX3,165/55R15,38,24,7
日田,1671712,BS,VRX3,165/55R15,40,24,1
日田,1671734,BS,VRX3,185/65R15,26,24,7
日田,1671734,BS,VRX3,185/65R15,33,24,5
日田,1671734,BS,VRX3,185/65R15,27,24,1
日田,1671734,BS,VRX3,185/65R15,34,24,1
日田,1671734,BS,VRX3,185/65R15,39,24,1
日田,1671734,BS,VRX3,185/65R15,33,24,10
日田,1671734,BS,VRX3,185/65R15,26,24,4
日田,1671734,BS,VRX3,185/65R15,34,24,1
日田,1671717,BS,VRX3,165/65R15,38,24,2
日田,1671717,BS,VRX3,165/65R15,42,24,1
日田,1671713,BS,VRX3,165/60R14,29,24,3
日田,1671713,BS,VRX3,165/60R14,31,24,4
日田,1671713,BS,VRX3,165/60R14,30,24,1
日田,1686525,YH,RV03,195/60R16,30,24,2
日田,1676483,YH,ES32,165/55R15,37,24,8
日田,1687612,YH,ｼﾞｵﾗﾝﾀﾞｰX-AT,155/65R14 78/75,16,24,8
日田,1672088,YH,iG70,155/65R13,46,24,1
日田,1181578,YH,AE01,165/60R15,36,24,10
日田,1672089,YH,iG70,155/65R14,51,24,5
日田,1672089,YH,iG70,155/65R14,41,24,3
日田,1672089,YH,iG70,155/65R14,35,24,1
日田,1672089,YH,iG70,155/65R14,25,24,1
日田,1672089,YH,iG70,155/65R14,41,24,5
日田,1672089,YH,iG70,155/65R14,51,24,3
日田,1672089,YH,iG70,155/65R14,50,24,2
日田,1672117,YH,iG70,195/65R16,50,24,4
日田,1672101,YH,iG70,175/65R14,43,24,4
日田,1672097,YH,iG70,165/65R15,22,24,4
日田,1672096,YH,iG70,165/65R14,43,24,1
日田,1672096,YH,iG70,165/65R14,44,24,3
日田,1672135,YH,iG70,215/60R16,45,24,4
日田,1485535,YH,ｱｲｽｶﾞｰﾄﾞSUV G075,225/60R18,03,24,4
日田,1686514,YH,RV03,165/55R15,49,24,10
日田,1686514,YH,RV03,165/55R15,49,24,10
日田,1686526,YH,RV03,195/65R15,22,24,16
日田,1686517,YH,RV03,165/65R14,19,24,6
日田,1686517,YH,RV03,165/65R14,20,24,4
日田,1686517,YH,RV03,165/65R14,40,24,5
日田,1672125,YH,iG70,205/60R16,42,24,4
日田,1750726,YH,RV03,205/60R16,30,24,8
日田,1560587,YH,GT,185/60R15,46,24,8
日田,1560587,YH,GT,185/60R15,46,24,8
日田,1162462,YH,AE01F,185/65R15,41,24,2
日田,1560537,YH,GT,185/65R15,46,24,3
日田,1671716,BS,VRX3,165/65R14,50,24,2
日田,1671744,BS,VRX3,195/65R15,38,24,1
日田,1671744,BS,VRX3,195/65R15,36,24,4
日田,1593624,BS,DM-V3,225/60R17,40,24,8
日田,1671715,BS,VRX3,165/65R13,39,24,4
日田,1671707,BS,VRX3,155/70R13,38,24,4
日田,1671714,BS,VRX3,165/60R15,42,24,3
日田,1671714,BS,VRX3,165/60R15,37,24,1
日田,1671745,BS,VRX3,195/65R16,47,24,1
日田,1671745,BS,VRX3,195/65R16,43,24,4
日田,1671719,BS,VRX3,165/70R14,49,24,4
日田,1750494,BS,GR-X3,225/45R18,52,24,4
